Name,Location,Rating,Price (Veg),Capacity,Rooms,More,URL,Extra Info
Grand Mercure Vadodara Surya Palace,"Sayajiganj,, ,, Vadodara, ₹, 1,250, ₹, 1,500",4.1,"Sayajiganj,,Vadodara₹1,250₹1,500",40-1000 pax,155 Rooms,+3 more,https://www.wedmegood.com/wedding-venues/Grand-Mercure-Vadodara-Surya-Palace-331451,"(6 reviews) Sayajiganj, Vadodara 4 Star & Above Wedding Hotels, Banquet Halls Veg ₹ 1,250 per plate Non veg ₹ 1,500 per plate"
"Bhanu the Fern Resort & Spa, Jambughoda","Sayajiganj,, ,, Vadodara, ₹, 1,000, ₹, 1,300",4.9,"Sayajiganj,,Vadodara₹1,000₹1,300",120-700 pax,84 Rooms,+3 more,https://www.wedmegood.com/wedding-venues/Bhanu-the-Fern-Resort-and-Spa-Jambughoda-3818970,"(5 reviews) Sayajiganj, Vadodara 4 Star & Above Wedding Hotels, Banquet Halls Veg ₹ 1,000 per plate Non veg ₹ 1,300 per plate"
The Oasis Hotel,"Sayajiganj,, ,, Vadodara, ₹, 400",5.0,"Sayajiganj,,Vadodara₹400",150-350 pax,74 Rooms,+3 more,https://www.wedmegood.com/wedding-venues/The-Oasis-Hotel-729896,"(1 review) Sayajiganj, Vadodara Banquet Halls, 3 Star Hotels with Banquets Veg ₹ 400 per plate"
Himalaya Banquet Hall & Party Plot,"Kendranagar,, ,, Vadodara, ₹, 350",3.5,"Kendranagar,,Vadodara₹350",700-3000 pax,N/A,+2 more,https://www.wedmegood.com/wedding-venues/Himalaya-Banquet-Hall-and-Party-Plot-719651,"(1 review) Kendranagar, Vadodara Banquet Halls, Marriage Garden / Lawns Veg ₹ 350 per plate IndoorOutdoor"
Waves Club,"Bhayli,, ,, Vadodara, ₹, 499",4.5,"Bhayli,,Vadodara₹499",100-2000 pax,35 Rooms,+3 more,https://www.wedmegood.com/wedding-venues/Waves-Club-729959,"(2 reviews) Bhayli, Vadodara Banquet Halls, 3 Star Hotels with Banquets Veg ₹ 499 per plate"
Aarana Lawns,"Mahapura,, ,, Vadodara, ₹, 250",4.5,"Mahapura,,Vadodara₹250",550-1000 pax,N/A,+2 more,https://www.wedmegood.com/wedding-venues/Aarana-Lawns-719657,"(1 review) Mahapura, Vadodara Banquet Halls, Marriage Garden / Lawns Veg ₹ 250 per plate IndoorOutdoor"
Madhuban Resort & Spa,"Vadodara, ₹, 950, ₹, 1,150",5.0,"Vadodara₹950₹1,150",300-3000 pax,103 Rooms,+3 more,https://www.wedmegood.com/wedding-venues/Madhuban-Resort-and-Spa-954190,"(1 review) Vadodara Banquet Halls, Marriage Garden / Lawns Veg ₹ 950 per plate Non veg ₹ 1,150 per plate"
Banyan Paradise Resort,"Vemali,, ,, Vadodara, ₹, 550",5.0,"Vemali,,Vadodara₹550",75-3000 pax,70 Rooms,+4 more,https://www.wedmegood.com/wedding-venues/Banyan-Paradise-Resort-328070,"(4 reviews) Vemali, Vadodara Banquet Halls, Marriage Garden / Lawns Veg ₹ 550 per plate"
Courtyard by Marriott,"Vadodara, ₹, 1,200, ₹, 1,400",5.0,"Vadodara₹1,200₹1,400",15-300 pax,120 Rooms,+3 more,https://www.wedmegood.com/wedding-venues/Courtyard-by-Marriott-24913851,"(2 reviews) Vadodara 4 Star & Above Wedding Hotels, Banquet Halls Veg ₹ 1,200 per plate Non veg ₹ 1,400 per plate"
Statue of Unity Tent City,"Vadodara, ₹, 1,250",5.0,"Vadodara₹1,250",250-1000 pax,58 Rooms,+3 more,https://www.wedmegood.com/wedding-venues/Statue-of-Unity-Tent-City-1307313,"(1 review) Vadodara Banquet Halls, Marriage Garden / Lawns Veg ₹ 1,250 per plate"
Kabir Banquets & Conventions,"Sevasi,, ,, Vadodara, ₹, 800, ₹, 1,000",5.0,"Sevasi,,Vadodara₹800₹1,000",400-800 pax,59 Rooms,+3 more,https://www.wedmegood.com/wedding-venues/Kabir-Banquets-and-Conventions-14338,"(1 review) Sevasi, Vadodara Banquet Halls, Marriage Garden / Lawns Veg ₹ 800 per plate Non veg ₹ 1,000 per plate"
Suncity Club & Resort,"Vadodara, ₹, 850",5.0,Vadodara₹850,60-1500 pax,37 Rooms,+3 more,https://www.wedmegood.com/wedding-venues/Suncity-Club-and-Resort-913278,"(1 review) Vadodara Banquet Halls, Marriage Garden / Lawns Veg ₹ 850 per plate"
Darshan Restaurant & Banquet,"Gotri,, ,, Vadodara, ₹, 250",5.0,"Gotri,,Vadodara₹250",350-500 pax,N/A,+2 more,https://www.wedmegood.com/wedding-venues/Darshan-Restaurant-and-Banquet-719645,"(1 review) Gotri, Vadodara Banquet Halls, Convention / Function Halls Veg ₹ 250 per plate Indoor"
AUM Health Resort,"Vadodara, ₹, 500",5.0,Vadodara₹500,100-1000 pax,N/A,+2 more,https://www.wedmegood.com/wedding-venues/AUM-Health-Resort-719655,"(1 review) Vadodara Banquet Halls, Marriage Garden / Lawns Veg ₹ 500 per plate IndoorOutdoor"
Regenta Inn Vadodara,"Sayajiganj,, ,, Vadodara, ₹, 650, ₹, 800",4.9,"Sayajiganj,,Vadodara₹650₹800",15-600 pax,90 Rooms,+4 more,https://www.wedmegood.com/wedding-venues/Reganta-Inn-2033357,"(5 reviews) Sayajiganj, Vadodara 4 Star & Above Wedding Hotels, Banquet Halls Veg ₹ 650 per plate Non veg ₹ 800 per plate"
SUBA Elite,"Vadodara, ₹, 500, ₹, 777",5.0,Vadodara₹500₹777,500-777 pax,N/A,+2 more,https://www.wedmegood.com/wedding-venues/SUBA-Elite-22840,(1 review) Vadodara Banquet Halls Veg ₹ 500 per plate Non veg ₹ 777 per plate Indoor
Hotel Surya,"Sayajiganj,, ,, Vadodara, ₹, 450",5.0,"Sayajiganj,,Vadodara₹450",30-500 pax,72 Rooms,+3 more,https://www.wedmegood.com/wedding-venues/Hotel-Surya-820500,"(2 reviews) Sayajiganj, Vadodara Banquet Halls, 3 Star Hotels with Banquets Veg ₹ 450 per plate"
Laxmi Film City Resort,"Madhavpura,, ,, Vadodara, ₹, 650",3.2,"Madhavpura,,Vadodara₹650",150-2000 pax,48 Rooms,+3 more,https://www.wedmegood.com/wedding-venues/Laxmi-Film-City-Resort-1064648,"(2 reviews) Madhavpura, Vadodara Banquet Halls, Marriage Garden / Lawns Veg ₹ 650 per plate"
Shiv Farm,"Saiyed Vasna,, ,, Vadodara, ₹, 500",5.0,"Saiyed Vasna,,Vadodara₹500",350-2000 pax,N/A,+2 more,https://www.wedmegood.com/wedding-venues/Shiv-Farm-701389,"(1 review) Saiyed Vasna, Vadodara Banquet Halls, Marriage Garden / Lawns Veg ₹ 500 per plate IndoorOutdoor"
Tulip 2 Restaurant & Banquet,"Sayaji Park Society,, ,, Vadodara, ₹, 290",5.0,"Sayaji Park Society,,Vadodara₹290",40-400 pax,"Banquet Halls, Venues With Rooms",+3 more,https://www.wedmegood.com/wedding-venues/Tulip-2-Restaurant-and-Banquet-4565294,"(1 review) Sayaji Park Society, Vadodara Veg ₹ 290 per plate 4 Rooms"
Royal Orchid Central,"Padra Road,, ,, Vadodara, ₹, 900, ₹, 1,100",5.0,"Padra Road,,Vadodara₹900₹1,100",40-150 pax,81 Rooms,+3 more,https://www.wedmegood.com/wedding-venues/Royal-Orchid-Central-729935,"(1 review) Padra Road, Vadodara Banquet Halls, 3 Star Hotels with Banquets Veg ₹ 900 per plate Non veg ₹ 1,100 per plate"
Prakruti Resort,"Chhani,, ,, Vadodara, ₹, 549",4.5,"Chhani,,Vadodara₹549",150-1000 pax,38 Rooms,+3 more,https://www.wedmegood.com/wedding-venues/Prakruti-Resort-706191,"(3 reviews) Chhani, Vadodara Banquet Halls, Marriage Garden / Lawns Veg ₹ 549 per plate"
Kabir Farm,"Vadodara, Price on Request",5.0,VadodaraPrice on Request,1500-2000 pax,N/A,+2 more,https://www.wedmegood.com/wedding-venues/Kabir-Farm-1145491,"(2 reviews) Vadodara Banquet Halls, Marriage Garden / Lawns Price on Request OutdoorIndoor"
Radhika Bhuvan,"Vadodara, ₹, 250",,Vadodara₹250,120-200 pax,N/A,+2 more,https://www.wedmegood.com/wedding-venues/Radhika-Bhuvan-913123,No Reviews Vadodara Banquet Halls Veg ₹ 250 per plate Indoor
"Alkapuri Club, Vadodara","Vadiwadi,, ,, Vadodara, ₹, 550",,"Vadiwadi,,Vadodara₹550",125-1000 pax,N/A,+2 more,https://www.wedmegood.com/wedding-venues/Alkapuri-Club-Vadodara-911875,"No Reviews Vadiwadi, Vadodara Banquet Halls, Marriage Garden / Lawns Veg ₹ 550 per plate IndoorOutdoor"
The Pacific Hotel,"Vadodara, ₹, 700, ₹, 800",,Vadodara₹700₹800,180-300 pax,15 Rooms,+3 more,https://www.wedmegood.com/wedding-venues/The-Pacific-Hotel-3208195,"No Reviews Vadodara Banquet Halls, 3 Star Hotels with Banquets Veg ₹ 700 per plate Non veg ₹ 800 per plate"
Lions Club of Baroda,"Diwalipura,, ,, Vadodara, ₹, 45,000",,"Diwalipura,,Vadodara₹45,000",150-1200 pax,N/A,+3 more,https://www.wedmegood.com/wedding-venues/Lions-Club-of-Baroda-595128,"No Reviews Diwalipura, Vadodara Banquet Halls, Marriage Garden / Lawns Rental cost ₹ 45,000 per function IndoorOutdoor"
Palkhi Banquet & Lawn,"Vemali,, ,, Vadodara, Price on Request",5.0,"Vemali,,VadodaraPrice on Request",500-2000 pax,12 Rooms,+3 more,https://www.wedmegood.com/wedding-venues/Palkhi-Banquet-and-Lawn-570764,"(1 review) Vemali, Vadodara Banquet Halls, Marriage Garden / Lawns Price on Request"
Aatithya Party Lawn,"New Sama,, ,, Vadodara, ₹, 650",4.5,"New Sama,,Vadodara₹650",400-1500 pax,N/A,+2 more,https://www.wedmegood.com/wedding-venues/Aatithya-Party-Lawn-701363,"(2 reviews) New Sama, Vadodara Banquet Halls, Marriage Garden / Lawns Veg ₹ 650 per plate IndoorOutdoor"
Jay Narayan Farm and Narayan Banquet,"Vemali,, ,, Vadodara, ₹, 400",,"Vemali,,Vadodara₹400",300-1500 pax,4 Rooms,+3 more,https://www.wedmegood.com/wedding-venues/Jay-Narayan-Farm-and-Narayan-Banquet-911864,"No Reviews Vemali, Vadodara Banquet Halls, Marriage Garden / Lawns Veg ₹ 400 per plate"
MAI Banquet Hall,"Harni,, ,, Vadodara, Price on Request",,"Harni,,VadodaraPrice on Request",150-250 pax,1 Rooms,+4 more,https://www.wedmegood.com/wedding-venues/MAI-Banquet-Hall-24970437,"No Reviews Harni, Vadodara Banquet Halls Price on Request"
Hotel Telikos Silver,"Karelibagh,, ,, Vadodara, Price on Request",,"Karelibagh,,VadodaraPrice on Request",300-400 pax,27 Rooms,+3 more,https://www.wedmegood.com/wedding-venues/Hotel-Telikos-Silver-2350677,"No Reviews Karelibagh, Vadodara Banquet Halls, 3 Star Hotels with Banquets Price on Request"
Hotel Yuvraj,"Sayajiganj,, ,, Vadodara, ₹, 300",,"Sayajiganj,,Vadodara₹300",40-200 pax,66 Rooms,+3 more,https://www.wedmegood.com/wedding-venues/Hotel-Yuvraj-594154,"No Reviews Sayajiganj, Vadodara Banquet Halls, 3 Star Hotels with Banquets Veg ₹ 300 per plate"
Hotel Harmony,"Alkapuri,, ,, Vadodara, ₹, 500",,"Alkapuri,,Vadodara₹500",30-50 pax,32 Rooms,+3 more,https://www.wedmegood.com/wedding-venues/Hotel-Harmony-1259680,"No Reviews Alkapuri, Vadodara Banquet Halls, 3 Star Hotels with Banquets Veg ₹ 500 per plate"
Regenta Fairlark Vadodara,"Vadodara, ₹, 700, ₹, 1,000",4.8,"Vadodara₹700₹1,000",30-400 pax,95 Rooms,+4 more,https://www.wedmegood.com/wedding-venues/Regenta-Fairlark-Vadodara-24635376,"(5 reviews) Vadodara Banquet Halls, 3 Star Hotels with Banquets Veg ₹ 700 per plate Non veg ₹ 1,000 per plate"
Shubham Party Plot,"Tandalja,, ,, Vadodara, ₹, 3,50,000",4.0,"Tandalja,,Vadodara₹3,50,000",200-2500 pax,N/A,+3 more,https://www.wedmegood.com/wedding-venues/Shubham-Party-Plot-911039,"(1 review) Tandalja, Vadodara Banquet Halls, Marriage Garden / Lawns Rental cost ₹ 3,50,000 per function IndoorOutdoor"
Shakti Greens & Banquets,"Vadodara, Price on Request",4.9,VadodaraPrice on Request,75-2200 pax,N/A,+2 more,https://www.wedmegood.com/wedding-venues/Shakti-Greens-and-Banquets-729911,"(4 reviews) Vadodara Banquet Halls, Marriage Garden / Lawns Price on Request IndoorOutdoor"
Hotel Express Residency,"Alkapuri,, ,, Vadodara, ₹, 525, ₹, 600",,"Alkapuri,,Vadodara₹525₹600",30-500 pax,54 Rooms,+3 more,https://www.wedmegood.com/wedding-venues/Hotel-Express-Residency-593492,"No Reviews Alkapuri, Vadodara Banquet Halls, Marriage Garden / Lawns Veg ₹ 525 per plate Non veg ₹ 600 per plate"
Krishna Garden Restaurant,"Vadodara, ₹, 700",,Vadodara₹700,70-180 pax,N/A,+2 more,https://www.wedmegood.com/wedding-venues/Krishna-Garden-Restaurant-4572035,"No Reviews Vadodara Banquet Halls, Marriage Garden / Lawns Veg ₹ 700 per plate IndoorOutdoor"
Neelkanth Motels & Hotels,"Vadodara, ₹, 550",,Vadodara₹550,90-400 pax,20 Rooms,+3 more,https://www.wedmegood.com/wedding-venues/Neelkanth-Motels-and-Hotels-911925,"No Reviews Vadodara Banquet Halls, Marriage Garden / Lawns Veg ₹ 550 per plate"
Merryland Party Lawns & Banquet,"New Sama,, ,, Vadodara, Price on Request",,"New Sama,,VadodaraPrice on Request",700-2000 pax,N/A,+2 more,https://www.wedmegood.com/wedding-venues/Merryland-Party-Lawns-and-Banquet-706189,"No Reviews New Sama, Vadodara Banquet Halls, Marriage Garden / Lawns Price on Request IndoorOutdoor"
Vihal Greens Party Plot and Banquet Hall,"Vemali,, ,, Vadodara, ₹, 511",5.0,"Vemali,,Vadodara₹511",350-2000 pax,4 Rooms,+4 more,https://www.wedmegood.com/wedding-venues/Vihal-Greens-Party-Plot-and-Banquet-Hall-24843846,"(12 reviews) Vemali, Vadodara Banquet Halls, Marriage Garden / Lawns Veg ₹ 511 per plate"
White Potato,"Akota,, ,, Vadodara, ₹, 400, ₹, 500",,"Akota,,Vadodara₹400₹500",60-100 pax,N/A,+2 more,https://www.wedmegood.com/wedding-venues/White-Potato-1259654,"No Reviews Akota, Vadodara Banquet Halls Veg ₹ 400 per plate Non veg ₹ 500 per plate Indoor"
Orbit99 Vilas,"Vadodara, ₹, 350",,Vadodara₹350,400-600 pax,25 Rooms,+3 more,https://www.wedmegood.com/wedding-venues/Orbit99-Vilas-971096,"No Reviews Vadodara Banquet Halls, 3 Star Hotels with Banquets Veg ₹ 350 per plate"
Aaryan Party Plot,"Hari Nagar,, ,, Vadodara, ₹, 450",,"Hari Nagar,,Vadodara₹450",375-1500 pax,N/A,+2 more,https://www.wedmegood.com/wedding-venues/Aaryan-Party-Plot-974866,"No Reviews Hari Nagar, Vadodara Banquet Halls, Marriage Garden / Lawns Veg ₹ 450 per plate IndoorOutdoor"
Shagun Hotel,"Jetalpur,, ,, Vadodara, ₹, 425, ₹, 500",,"Jetalpur,,Vadodara₹425₹500",80-300 pax,N/A,+2 more,https://www.wedmegood.com/wedding-venues/Shagun-Hotel-594008,"No Reviews Jetalpur, Vadodara Banquet Halls Veg ₹ 425 per plate Non veg ₹ 500 per plate Indoor"
Sahyog Restaurant and Banquet,"Sayajiganj,, ,, Vadodara, Price on Request",,"Sayajiganj,,VadodaraPrice on Request",150-200 pax,N/A,+2 more,https://www.wedmegood.com/wedding-venues/Sahyog-Restaurant-and-Banquet-1260038,"No Reviews Sayajiganj, Vadodara Banquet Halls Price on Request Indoor"
Hotel Vrundavan Residency,"Babajipura,, ,, Vadodara, Price on Request",,"Babajipura,,VadodaraPrice on Request",150-200 pax,60 Rooms,+3 more,https://www.wedmegood.com/wedding-venues/Hotel-Vrundavan-Residency-913724,"No Reviews Babajipura, Vadodara Banquet Halls, 3 Star Hotels with Banquets Price on Request"
The Grand Gayatri,"Gorwa,, ,, Vadodara, ₹, 500",,"Gorwa,,Vadodara₹500",300-500 pax,N/A,+2 more,https://www.wedmegood.com/wedding-venues/The-Grand-Gayatri-969136,"No Reviews Gorwa, Vadodara Banquet Halls, Convention / Function Halls Veg ₹ 500 per plate Indoor"
Diwalipura Atithi Gruh,"Diwalipura,, ,, Vadodara, ₹, 350",,"Diwalipura,,Vadodara₹350",600-1000 pax,N/A,+2 more,https://www.wedmegood.com/wedding-venues/Diwalipura-Atithi-Gruh-913308,"No Reviews Diwalipura, Vadodara Banquet Halls, Marriage Garden / Lawns Veg ₹ 350 per plate IndoorOutdoor"
Topaz Banquet,"Fatehgunj,, ,, Vadodara, ₹, 450",,"Fatehgunj,,Vadodara₹450",80-750 pax,N/A,+2 more,https://www.wedmegood.com/wedding-venues/Topaz-Banquet-911029,"No Reviews Fatehgunj, Vadodara Banquet Halls, Convention / Function Halls Veg ₹ 450 per plate Indoor"
Tarasuns - Vadodara,"Saiyed Vasna,, ,, Vadodara, Price on Request",4.8,"Saiyed Vasna,,VadodaraPrice on Request",350-450 pax,23 Rooms,+3 more,https://www.wedmegood.com/wedding-venues/Tarasuns-Vadodara-2315370,"(3 reviews) Saiyed Vasna, Vadodara Banquet Halls, 3 Star Hotels with Banquets Price on Request"
Grand Royal Lawns,"Gotri,, ,, Vadodara, Price on Request",,"Gotri,,VadodaraPrice on Request",200-1000 pax,N/A,+2 more,https://www.wedmegood.com/wedding-venues/Grand-Royal-Lawns-2312980,"No Reviews Gotri, Vadodara Banquet Halls, Marriage Garden / Lawns Price on Request IndoorOutdoor"
Indish Lounge,"Gotri,, ,, Vadodara, ₹, 650",,"Gotri,,Vadodara₹650",450-650 pax,N/A,+2 more,https://www.wedmegood.com/wedding-venues/Indish-Lounge-995147,"No Reviews Gotri, Vadodara Banquet Halls, Convention / Function Halls Veg ₹ 650 per plate Indoor"
Gokul Party Plot,"Saiyed Vasna,, ,, Vadodara, ₹, 500",,"Saiyed Vasna,,Vadodara₹500",250-1000 pax,N/A,+2 more,https://www.wedmegood.com/wedding-venues/Gokul-Party-Plot-973575,"No Reviews Saiyed Vasna, Vadodara Banquet Halls, Marriage Garden / Lawns Veg ₹ 500 per plate IndoorOutdoor"
The Private Banquet,"Alkapuri,, ,, Vadodara, ₹, 300",,"Alkapuri,,Vadodara₹300",60-100 pax,N/A,+2 more,https://www.wedmegood.com/wedding-venues/The-Private-Banquet-970965,"No Reviews Alkapuri, Vadodara Banquet Halls, Small Function / Party Halls Veg ₹ 300 per plate Indoor"
The Morsel Restaurant & Banquet,"Hari Nagar,, ,, Vadodara, ₹, 350",,"Hari Nagar,,Vadodara₹350",120-200 pax,N/A,+2 more,https://www.wedmegood.com/wedding-venues/The-Morsel-Restaurant-and-Banquet-719646,"No Reviews Hari Nagar, Vadodara Banquet Halls Veg ₹ 350 per plate Indoor"
Shree Saurashtra Leuva Patel Seva Samaj,"Gorwa,, ,, Vadodara, ₹, 400",,"Gorwa,,Vadodara₹400",100-700 pax,N/A,+2 more,https://www.wedmegood.com/wedding-venues/Shree-Saurashtra-Leuva-Patel-Seva-Samaj-1012169,"No Reviews Gorwa, Vadodara Banquet Halls, Marriage Garden / Lawns Veg ₹ 400 per plate IndoorOutdoor"
Milan Party Hall,"Harni,, ,, Vadodara, Price on Request",,"Harni,,VadodaraPrice on Request",500-1000 pax,N/A,+2 more,https://www.wedmegood.com/wedding-venues/Milan-Party-Hall-729962,"No Reviews Harni, Vadodara Banquet Halls, Marriage Garden / Lawns Price on Request IndoorOutdoor"
Siddharth Farm,"Vemali,, ,, Vadodara, ₹, 1,200, ₹, 1,350",,"Vemali,,Vadodara₹1,200₹1,350",400-2000 pax,1 Rooms,+4 more,https://www.wedmegood.com/wedding-venues/Siddharth-Farm-566030,"No Reviews Vemali, Vadodara Banquet Halls, Marriage Garden / Lawns Veg ₹ 1,200 per plate Non veg ₹ 1,350 per plate"
Hotel Silver Plate Vadodara,"Vemali,, ,, Vadodara, ₹, 250",,"Vemali,,Vadodara₹250",250-350 pax,22 Rooms,+3 more,https://www.wedmegood.com/wedding-venues/Hotel-Silver-Plate-Vadodara-973092,"No Reviews Vemali, Vadodara Banquet Halls, 3 Star Hotels with Banquets Veg ₹ 250 per plate"
"Vivanta, Vadodara","Padra Road,, ,, Vadodara, ₹, 1,000, ₹, 1,500",,"Padra Road,,Vadodara₹1,000₹1,500",350-700 pax,85 Rooms,+3 more,https://www.wedmegood.com/wedding-venues/Vivanta-Vadodara-913321,"No Reviews Padra Road, Vadodara Banquet Halls, 3 Star Hotels with Banquets Veg ₹ 1,000 per plate Non veg ₹ 1,500 per plate"
Liludi Dharti Restaurant and Banquet,"Waghodia,, ,, Vadodara, ₹, 550, ₹, 750",,"Waghodia,,Vadodara₹550₹750",300-450 pax,N/A,+2 more,https://www.wedmegood.com/wedding-venues/Liludi-Dharti-Restaurant-and-Banquet-3340089,"No Reviews Waghodia, Vadodara Banquet Halls Veg ₹ 550 per plate Non veg ₹ 750 per plate Indoor"
Godrej Hall,"Fatehgunj,, ,, Vadodara, ₹, 400, ₹, 500",,"Fatehgunj,,Vadodara₹400₹500",700-1000 pax,N/A,+2 more,https://www.wedmegood.com/wedding-venues/Godrej-Hall-971451,"No Reviews Fatehgunj, Vadodara Banquet Halls, Marriage Garden / Lawns Veg ₹ 400 per plate Non veg ₹ 500 per plate OutdoorIndoor"
Hotel Sarvottam,"Tarsali,, ,, Vadodara, ₹, 375",,"Tarsali,,Vadodara₹375",200-300 pax,20 Rooms,+3 more,https://www.wedmegood.com/wedding-venues/Hotel-Sarvottam-975338,"No Reviews Tarsali, Vadodara Banquet Halls, 3 Star Hotels with Banquets Veg ₹ 375 per plate"
Veronica Hotel,"Sayajiganj,, ,, Vadodara, ₹, 450",,"Sayajiganj,,Vadodara₹450",250-300 pax,25 Rooms,+3 more,https://www.wedmegood.com/wedding-venues/Veronica-Hotel-913076,"No Reviews Sayajiganj, Vadodara Banquet Halls, 3 Star Hotels with Banquets Veg ₹ 450 per plate"
Hotel Dash Continental,"Karelibagh,, ,, Vadodara, ₹, 400",,"Karelibagh,,Vadodara₹400",100-150 pax,27 Rooms,+3 more,https://www.wedmegood.com/wedding-venues/Hotel-Dash-Continental-911163,"No Reviews Karelibagh, Vadodara Banquet Halls, 3 Star Hotels with Banquets Veg ₹ 400 per plate"
Suvarna Party Hall,"Harni,, ,, Vadodara, ₹, 350",,"Harni,,Vadodara₹350",200-700 pax,N/A,+2 more,https://www.wedmegood.com/wedding-venues/Suvarna-Party-Hall-913326,"No Reviews Harni, Vadodara Banquet Halls, Marriage Garden / Lawns Veg ₹ 350 per plate IndoorOutdoor"
Mount Heritage Resort,"Atladara,, ,, Vadodara, ₹, 650, ₹, 800",5.0,"Atladara,,Vadodara₹650₹800",200-800 pax,16 Rooms,+3 more,https://www.wedmegood.com/wedding-venues/Mount-Heritage-Resort-719635,"(1 review) Atladara, Vadodara Banquet Halls, Marriage Garden / Lawns Veg ₹ 650 per plate Non veg ₹ 800 per plate"
Subhanpura Atithi Gruh,"Subhanpura,, ,, Vadodara, ₹, 400, ₹, 550",,"Subhanpura,,Vadodara₹400₹550",300-600 pax,14 Rooms,+4 more,https://www.wedmegood.com/wedding-venues/Subhanpura-Atithi-Gruh-912965,"No Reviews Subhanpura, Vadodara Banquet Halls, Marriage Garden / Lawns Veg ₹ 400 per plate Non veg ₹ 550 per plate"
"Welcomhotel By ITC Hotels, Vadodara","Vadiwadi,, ,, Vadodara, Price on Request",,"Vadiwadi,,VadodaraPrice on Request",120-400 pax,58 Rooms,+3 more,https://www.wedmegood.com/wedding-venues/Welcomhotel-Vadodara-910995,"No Reviews Vadiwadi, Vadodara 4 Star & Above Wedding Hotels, Banquet Halls Price on Request"
"SUBA Grand , Dahej","Vadodara, ₹, 500, ₹, 775",,Vadodara₹500₹775,500-775 pax,N/A,+2 more,https://www.wedmegood.com/wedding-venues/Suba-Grand-22837,No Reviews Vadodara Banquet Halls Veg ₹ 500 per plate Non veg ₹ 775 per plate Indoor
Kalyan Party Plot,"Saiyed Vasna,, ,, Vadodara, Rental Only",,"Saiyed Vasna,,VadodaraRental Only",300-2000 pax,N/A,+2 more,https://www.wedmegood.com/wedding-venues/Kalyan-Party-Plot-689678,"No Reviews Saiyed Vasna, Vadodara Banquet Halls, Marriage Garden / Lawns Rental Only IndoorOutdoor"
Amin Party Plot,"Gotri,, ,, Vadodara, ₹, 300",,"Gotri,,Vadodara₹300",200-2000 pax,N/A,+2 more,https://www.wedmegood.com/wedding-venues/Amin-Party-Plot-701339,"No Reviews Gotri, Vadodara Banquet Halls, Marriage Garden / Lawns Veg ₹ 300 per plate IndoorOutdoor"
Aditi Vadodara by WB Hotels,"Sayajiganj,, ,, Vadodara, Price on Request",,"Sayajiganj,,VadodaraPrice on Request",200-300 pax,61 Rooms,+3 more,https://www.wedmegood.com/wedding-venues/Aditi-Vadodara-by-WB-Hotels-2350578,"No Reviews Sayajiganj, Vadodara Banquet Halls, 3 Star Hotels with Banquets Price on Request"
Chhela Sheth Party Plot,"Tandalja,, ,, Vadodara, ₹, 400",,"Tandalja,,Vadodara₹400",150-3000 pax,N/A,+2 more,https://www.wedmegood.com/wedding-venues/Chhela-Sheth-Party-Plot-729898,"No Reviews Tandalja, Vadodara Banquet Halls, Marriage Garden / Lawns Veg ₹ 400 per plate IndoorOutdoor"
Sapphire Regency,"Sayajiganj,, ,, Vadodara, ₹, 400, ₹, 500",5.0,"Sayajiganj,,Vadodara₹400₹500",130-500 pax,61 Rooms,+3 more,https://www.wedmegood.com/wedding-venues/Sapphire-Regency-913130,"(1 review) Sayajiganj, Vadodara Banquet Halls, 3 Star Hotels with Banquets Veg ₹ 400 per plate Non veg ₹ 500 per plate"
Eva Banquets,"Manjalpur,, ,, Vadodara, Price on Request",,"Manjalpur,,VadodaraPrice on Request",150-900 pax,N/A,+2 more,https://www.wedmegood.com/wedding-venues/Eva-Banquets-972708,"No Reviews Manjalpur, Vadodara Banquet Halls, Convention / Function Halls Price on Request Indoor"
Shree Sardar Patel Wadi,"Vadodara, ₹, 300",,Vadodara₹300,250-400 pax,N/A,+2 more,https://www.wedmegood.com/wedding-venues/Shree-Sardar-Patel-Wadi-911512,No Reviews Vadodara Banquet Halls Veg ₹ 300 per plate Indoor
Hotel Grand Paradise,"Haripura,, ,, Vadodara, ₹, 450, ₹, 550",,"Haripura,,Vadodara₹450₹550",100-150 pax,15 Rooms,+3 more,https://www.wedmegood.com/wedding-venues/Hotel-Grand-Paradise-1241062,"No Reviews Haripura, Vadodara Banquet Halls, 3 Star Hotels with Banquets Veg ₹ 450 per plate Non veg ₹ 550 per plate"
Rudraksh Banquet,"Fatehgunj,, ,, Vadodara, ₹, 400",,"Fatehgunj,,Vadodara₹400",120-200 pax,N/A,+3 more,https://www.wedmegood.com/wedding-venues/Rudraksh-Banquet-24449838,"No Reviews Fatehgunj, Vadodara Banquet Halls Veg ₹ 400 per plate Indoor"
Elysian: The Indo-Continental,"Gotri,, ,, Vadodara, ₹, 700",,"Gotri,,Vadodara₹700",120-200 pax,N/A,+2 more,https://www.wedmegood.com/wedding-venues/Elysian-The-Indo-Continental-995133,"No Reviews Gotri, Vadodara Banquet Halls Veg ₹ 700 per plate Indoor"
Zesty Treat,"Akota,, ,, Vadodara, ₹, 500",,"Akota,,Vadodara₹500",225-350 pax,N/A,+2 more,https://www.wedmegood.com/wedding-venues/Zesty-Treat-913775,"No Reviews Akota, Vadodara Banquet Halls Veg ₹ 500 per plate Indoor"
Ginger Vadodara,"Fatehgunj,, ,, Vadodara, ₹, 700, ₹, 800",,"Fatehgunj,,Vadodara₹700₹800",200-300 pax,N/A,+2 more,https://www.wedmegood.com/wedding-venues/Ginger-Vadodara-913702,"No Reviews Fatehgunj, Vadodara Banquet Halls Veg ₹ 700 per plate Non veg ₹ 800 per plate Indoor"
Crescent Restaurant and Banquet,"Akota,, ,, Vadodara, ₹, 450, ₹, 550",,"Akota,,Vadodara₹450₹550",150-250 pax,N/A,+2 more,https://www.wedmegood.com/wedding-venues/Crescent-Restaurant-and-Banquet-1268996,"No Reviews Akota, Vadodara Banquet Halls Veg ₹ 450 per plate Non veg ₹ 550 per plate Indoor"
Hotel Utsav,"Vadodara, ₹, 550, ₹, 700",,Vadodara₹550₹700,200-300 pax,22 Rooms,+4 more,https://www.wedmegood.com/wedding-venues/Hotel-Utsav-911178,"No Reviews Vadodara Banquet Halls, 3 Star Hotels with Banquets Veg ₹ 550 per plate Non veg ₹ 700 per plate"
Riddhi Siddhi Marriage Hall,"Nizampura,, ,, Vadodara, Price on Request",,"Nizampura,,VadodaraPrice on Request",350-500 pax,N/A,+2 more,https://www.wedmegood.com/wedding-venues/Riddhi-Siddhi-Marriage-Hall-729947,"No Reviews Nizampura, Vadodara Banquet Halls, Convention / Function Halls Price on Request Indoor"
Food Plaza Banquet Hall,"Makarpura,, ,, Vadodara, ₹, 230",,"Makarpura,,Vadodara₹230",190-300 pax,N/A,+2 more,https://www.wedmegood.com/wedding-venues/Food-Plaza-Banquet-Hall-911707,"No Reviews Makarpura, Vadodara Banquet Halls Veg ₹ 230 per plate Indoor"
The Grand Mahi Party & Wedding Lawn,"Vadodara, ₹, 450, ₹, 550",,Vadodara₹450₹550,100-2000 pax,N/A,+2 more,https://www.wedmegood.com/wedding-venues/The-Grand-Mahi-Party-and-Wedding-Lawn-972733,"No Reviews Vadodara Banquet Halls, Marriage Garden / Lawns Veg ₹ 450 per plate Non veg ₹ 550 per plate IndoorOutdoor"
Laxminarayan Club and Resort,"Tandalja,, ,, Vadodara, ₹, 900",,"Tandalja,,Vadodara₹900",300-800 pax,50 Rooms,+3 more,https://www.wedmegood.com/wedding-venues/Laxminarayan-Club-and-Resort-2105942,"No Reviews Tandalja, Vadodara Banquet Halls, Marriage Garden / Lawns Veg ₹ 900 per plate"
JK Party Plot,"Vadodara, ₹, 25,000",,"Vadodara₹25,000",200-1500 pax,2 Rooms,+4 more,https://www.wedmegood.com/wedding-venues/JK-Party-Plot-25079722,"No Reviews Vadodara Banquet Halls, Marriage Garden / Lawns Rental cost ₹ 25,000 per function"
"Hotel Savshanti Towers, Alkapuri","Jetalpur,, ,, Vadodara, ₹, 400, ₹, 450",,"Jetalpur,,Vadodara₹400₹450",100-150 pax,44 Rooms,+3 more,https://www.wedmegood.com/wedding-venues/Hotel-Savshanti-Towers-Alkapuri-913469,"No Reviews Jetalpur, Vadodara Banquet Halls, 3 Star Hotels with Banquets Veg ₹ 400 per plate Non veg ₹ 450 per plate"
Ornate Restaurant and Banquet,"Danteshwar,, ,, Vadodara, Price on Request",,"Danteshwar,,VadodaraPrice on Request",250-600 pax,N/A,+2 more,https://www.wedmegood.com/wedding-venues/Ornate-Restaurant-and-Banquet-913252,"No Reviews Danteshwar, Vadodara Banquet Halls, Convention / Function Halls Price on Request Indoor"
Hotel Vintage,"Jetalpur,, ,, Vadodara, ₹, 500",,"Jetalpur,,Vadodara₹500",100-150 pax,32 Rooms,+3 more,https://www.wedmegood.com/wedding-venues/Hotel-Vintage-911850,"No Reviews Jetalpur, Vadodara Banquet Halls, 3 Star Hotels with Banquets Veg ₹ 500 per plate"
Shagun Hall,"Vadodara, Price on Request",,VadodaraPrice on Request,150-250 pax,N/A,+2 more,https://www.wedmegood.com/wedding-venues/Shagun-Hall-2368895,No Reviews Vadodara Banquet Halls Price on Request Indoor
Naram Garam Restaurant & Banquet,"Vadodara, Price on Request",,VadodaraPrice on Request,60-80 pax,N/A,+2 more,https://www.wedmegood.com/wedding-venues/Naram-Garam-Restaurant-and-Banquet-3340123,No Reviews Vadodara Banquet Halls Price on Request Indoor
Maa Party Plot,"Harni,, ,, Vadodara, ₹, 400",,"Harni,,Vadodara₹400",350-2000 pax,N/A,+2 more,https://www.wedmegood.com/wedding-venues/Maa-Party-Plot-698916,"No Reviews Harni, Vadodara Banquet Halls, Marriage Garden / Lawns Veg ₹ 400 per plate IndoorOutdoor"
Priviera Club and Resort,"Vadodara, ₹, 550, ₹, 759",,Vadodara₹550₹759,500-1100 pax,20 Rooms,+4 more,https://www.wedmegood.com/wedding-venues/Priviera-Club-And-Resort-4281656,"No Reviews Vadodara Banquet Halls, 3 Star Hotels with Banquets Veg ₹ 550 per plate Non veg ₹ 759 per plate"
Pramukh Party Plot & Banquet,"Vemali,, ,, Vadodara, ₹, 350",,"Vemali,,Vadodara₹350",500-2000 pax,N/A,+2 more,https://www.wedmegood.com/wedding-venues/Pramukh-Party-Plot-and-Banquet-719658,"No Reviews Vemali, Vadodara Banquet Halls, Marriage Garden / Lawns Veg ₹ 350 per plate IndoorOutdoor"
Ambience Ballroom Sunday Hotel,"Vadodara, ₹, 850, ₹, 1,100",,"Vadodara₹850₹1,100",15-1000 pax,96 Rooms,+3 more,https://www.wedmegood.com/wedding-venues/Ambience-Ballroom-Sunday-Hotel-24998801,"No Reviews Vadodara Banquet Halls, 3 Star Hotels with Banquets Veg ₹ 850 per plate Non veg ₹ 1,100 per plate"
Sapna Na Vavetar,"Subhanpura,, ,, Vadodara, Price on Request",,"Subhanpura,,VadodaraPrice on Request",300-1000 pax,N/A,+2 more,https://www.wedmegood.com/wedding-venues/Sapna-Na-Vavetar-2365208,"No Reviews Subhanpura, Vadodara Banquet Halls, Marriage Garden / Lawns Price on Request IndoorOutdoor"
Presidency Club,"Vadodara, ₹, 600, ₹, 750",,Vadodara₹600₹750,400-7000 pax,N/A,+2 more,https://www.wedmegood.com/wedding-venues/Presidency-Club-595155,"No Reviews Vadodara Banquet Halls, Marriage Garden / Lawns Veg ₹ 600 per plate Non veg ₹ 750 per plate IndoorOutdoor"
GenX Vadodara,"Jetalpur,, ,, Vadodara, ₹, 375, ₹, 450",,"Jetalpur,,Vadodara₹375₹450",80-300 pax,41 Rooms,+3 more,https://www.wedmegood.com/wedding-venues/GenX-Vadodara-970987,"No Reviews Jetalpur, Vadodara Banquet Halls, 3 Star Hotels with Banquets Veg ₹ 375 per plate Non veg ₹ 450 per plate"
Bhaikaka Party Plot,"Madhavpura,, ,, Vadodara, ₹, 300",5.0,"Madhavpura,,Vadodara₹300",350-1800 pax,N/A,+2 more,https://www.wedmegood.com/wedding-venues/Bhaikaka-Party-Plot-706197,"(3 reviews) Madhavpura, Vadodara Banquet Halls, Marriage Garden / Lawns Veg ₹ 300 per plate IndoorOutdoor"
Aamantran Hall and Party Plot,"Mandvi,, ,, Vadodara, ₹, 300",,"Mandvi,,Vadodara₹300",100-500 pax,N/A,+2 more,https://www.wedmegood.com/wedding-venues/Aamantran-Hall-and-Party-Plot-911880,"No Reviews Mandvi, Vadodara Banquet Halls, Marriage Garden / Lawns Veg ₹ 300 per plate IndoorOutdoor"
Kansaar Hotel,"Sayajiganj,, ,, Vadodara, ₹, 250",,"Sayajiganj,,Vadodara₹250",200-300 pax,N/A,+2 more,https://www.wedmegood.com/wedding-venues/Kansaar-Hotel-911101,"No Reviews Sayajiganj, Vadodara Banquet Halls Veg ₹ 250 per plate Indoor"
The Fern Residency,"Sayajiganj,, ,, Vadodara, ₹, 400, ₹, 500",,"Sayajiganj,,Vadodara₹400₹500",40-250 pax,36 Rooms,+3 more,https://www.wedmegood.com/wedding-venues/The-Fern-Residency-1241033,"No Reviews Sayajiganj, Vadodara Banquet Halls, 3 Star Hotels with Banquets Veg ₹ 400 per plate Non veg ₹ 500 per plate"
Shree Maruti Restaurant and Banquets,"Hari Nagar,, ,, Vadodara, ₹, 240",,"Hari Nagar,,Vadodara₹240",60-100 pax,N/A,+2 more,https://www.wedmegood.com/wedding-venues/Shree-Maruti-Restaurant-and-Banquets-911289,"No Reviews Hari Nagar, Vadodara Banquet Halls, Small Function / Party Halls Veg ₹ 240 per plate Indoor"
Comfort Inn Donil,"Harni,, ,, Vadodara, ₹, 500, ₹, 800",,"Harni,,Vadodara₹500₹800",600-800 pax,60 Rooms,+3 more,https://www.wedmegood.com/wedding-venues/Comfort-Inn-Donil-743312,"No Reviews Harni, Vadodara Banquet Halls, 3 Star Hotels with Banquets Veg ₹ 500 per plate Non veg ₹ 800 per plate"
Neelkamal Party Plot,"Bhayli,, ,, Vadodara, ₹, 350, ₹, 450",,"Bhayli,,Vadodara₹350₹450",300-400 pax,N/A,+2 more,https://www.wedmegood.com/wedding-venues/Neelkamal-Party-Plot-706200,"No Reviews Bhayli, Vadodara Banquet Halls, Marriage Garden / Lawns Veg ₹ 350 per plate Non veg ₹ 450 per plate IndoorOutdoor"
"The Fern - An Ecotel Hotel, Vadodara","Haripura,, ,, Vadodara, ₹, 1,000, ₹, 1,100",,"Haripura,,Vadodara₹1,000₹1,100",200-800 pax,85 Rooms,+3 more,https://www.wedmegood.com/wedding-venues/The-Fern-An-Ecotel-Hotel-Vadodara-911718,"No Reviews Haripura, Vadodara 4 Star & Above Wedding Hotels, Banquet Halls Veg ₹ 1,000 per plate Non veg ₹ 1,100 per plate"
Madhuram Banquet Hall,"Waghodia,, ,, Vadodara, ₹, 270",,"Waghodia,,Vadodara₹270",200-300 pax,N/A,+2 more,https://www.wedmegood.com/wedding-venues/Madhuram-Banquet-Hall-913477,"No Reviews Waghodia, Vadodara Banquet Halls Veg ₹ 270 per plate Indoor"
Silver Spoon Banquet,"Manjalpur,, ,, Vadodara, ₹, 300",,"Manjalpur,,Vadodara₹300",500-750 pax,N/A,+1 more,https://www.wedmegood.com/wedding-venues/Silver-Spoon-Banquet-116094,"No Reviews Manjalpur, Vadodara Banquet Halls, Convention / Function Halls Veg ₹ 300 per plate Indoor"
Anjoy The Retreat,"Alkapuri,, ,, Vadodara, ₹, 300",5.0,"Alkapuri,,Vadodara₹300",300-600 pax,N/A,+2 more,https://www.wedmegood.com/wedding-venues/Anjoy-The-Retreat-116378,"(1 review) Alkapuri, Vadodara Banquet Halls, Convention / Function Halls Veg ₹ 300 per plate Indoor"
Blue Lagoon's Restaurant,"Akota,, ,, Vadodara, ₹, 300",,"Akota,,Vadodara₹300",250-400 pax,N/A,+2 more,https://www.wedmegood.com/wedding-venues/Blue-Lagoons-Restaurant-912977,"No Reviews Akota, Vadodara Banquet Halls Veg ₹ 300 per plate Indoor"
Ashirwad Restaurant & Banquet,"Sayaji Park Society,, ,, Vadodara, ₹, 240",,"Sayaji Park Society,,Vadodara₹240",100-150 pax,N/A,+2 more,https://www.wedmegood.com/wedding-venues/Ashirwad-Restaurant-and-Banquet-973078,"No Reviews Sayaji Park Society, Vadodara Banquet Halls, Small Function / Party Halls Veg ₹ 240 per plate Indoor"
Shree Vallabha Restaurant and Banquet Hall,"Vadodara, ₹, 400",,Vadodara₹400,150-250 pax,N/A,+2 more,https://www.wedmegood.com/wedding-venues/Shree-Vallabha-Restaurant-and-Banquet-Hall-975449,No Reviews Vadodara Banquet Halls Veg ₹ 400 per plate Indoor
The Fiesta Banquet,"Akota,, ,, Vadodara, ₹, 450",,"Akota,,Vadodara₹450",60-90 pax,N/A,+2 more,https://www.wedmegood.com/wedding-venues/The-Fiesta-Banquet-911859,"No Reviews Akota, Vadodara Banquet Halls, Small Function / Party Halls Veg ₹ 450 per plate Indoor"
Club Madrid by Pacifica,"Bhayli,, ,, Vadodara, ₹, 450",,"Bhayli,,Vadodara₹450",80-250 pax,N/A,+2 more,https://www.wedmegood.com/wedding-venues/Club-Madrid-by-Pacifica-971039,"No Reviews Bhayli, Vadodara Banquet Halls, Marriage Garden / Lawns Veg ₹ 450 per plate IndoorOutdoor"
K 10 Hotel,"Vadiwadi,, ,, Vadodara, Price on Request",,"Vadiwadi,,VadodaraPrice on Request",150-200 pax,71 Rooms,+3 more,https://www.wedmegood.com/wedding-venues/K-10-Hotel-2345339,"No Reviews Vadiwadi, Vadodara Banquet Halls, 3 Star Hotels with Banquets Price on Request"
Anjoy The Retreat,"Alkapuri,, ,, Vadodara, ₹, 300",5.0,"Alkapuri,,Vadodara₹300",300-600 pax,N/A,+2 more,https://www.wedmegood.com/wedding-venues/Anjoy-The-Retreat-116378,"(1 review) Alkapuri, Vadodara Banquet Halls, Convention / Function Halls Veg ₹ 300 per plate Indoor"
Hotel Swastik,"Jetalpur,, ,, Vadodara, ₹, 400",,"Jetalpur,,Vadodara₹400",90-300 pax,33 Rooms,+3 more,https://www.wedmegood.com/wedding-venues/Hotel-Swastik-988854,"No Reviews Jetalpur, Vadodara Banquet Halls, 3 Star Hotels with Banquets Veg ₹ 400 per plate"
Krishna Party Plot,"Karelibagh,, ,, Vadodara, ₹, 600",5.0,"Karelibagh,,Vadodara₹600",300-1500 pax,N/A,+2 more,https://www.wedmegood.com/wedding-venues/Krishna-Party-Plot-594417,"(1 review) Karelibagh, Vadodara Banquet Halls, Marriage Garden / Lawns Veg ₹ 600 per plate IndoorOutdoor"
LG Party Plot,"Manjalpur,, ,, Vadodara, Price on Request",,"Manjalpur,,VadodaraPrice on Request",150-800 pax,N/A,+2 more,https://www.wedmegood.com/wedding-venues/LG-Party-Plot-991305,"No Reviews Manjalpur, Vadodara Banquet Halls, Marriage Garden / Lawns Price on Request IndoorOutdoor"
Hotel Evaay,"Sayajiganj,, ,, Vadodara, Price on Request",,"Sayajiganj,,VadodaraPrice on Request",250-450 pax,23 Rooms,+3 more,https://www.wedmegood.com/wedding-venues/Hotel-Evaay-2315262,"No Reviews Sayajiganj, Vadodara Banquet Halls, Marriage Garden / Lawns Price on Request"
Samay Lawn & Banquets,"Sevasi,, ,, Vadodara, Price on Request",5.0,"Sevasi,,VadodaraPrice on Request",300-500 pax,26 Rooms,+3 more,https://www.wedmegood.com/wedding-venues/Samay-Lawn-and-Banquets-1582408,"(1 review) Sevasi, Vadodara Banquet Halls, Marriage Garden / Lawns Price on Request"
Satyam Shivam Sundaram Halls,"Vadodara, ₹, 250",,Vadodara₹250,850-1000 pax,45 Rooms,+3 more,https://www.wedmegood.com/wedding-venues/Satyam-Shivam-Sundaram-Halls-911895,"No Reviews Vadodara Banquet Halls, Destination Wedding Venues Veg ₹ 250 per plate"
Deep Party Plot,"Tandalja,, ,, Vadodara, ₹, 600",4.4,"Tandalja,,Vadodara₹600",400-600 pax,6 Rooms,+3 more,https://www.wedmegood.com/wedding-venues/Deep-Party-Plot-911979,"(4 reviews) Tandalja, Vadodara Banquet Halls, Marriage Garden / Lawns Veg ₹ 600 per plate"
Hotel Jal Sagar,"Sayajiganj,, ,, Vadodara, ₹, 275",,"Sayajiganj,,Vadodara₹275",80-250 pax,40 Rooms,+3 more,https://www.wedmegood.com/wedding-venues/Hotel-Jal-Sagar-593445,"No Reviews Sayajiganj, Vadodara Banquet Halls, 3 Star Hotels with Banquets Veg ₹ 275 per plate"
Shagun Residency,"Diwalipura,, ,, Vadodara, ₹, 350, ₹, 450",,"Diwalipura,,Vadodara₹350₹450",15-100 pax,40 Rooms,+3 more,https://www.wedmegood.com/wedding-venues/Shagun-Residency-595811,"No Reviews Diwalipura, Vadodara Banquet Halls, 3 Star Hotels with Banquets Veg ₹ 350 per plate Non veg ₹ 450 per plate"
Lalita Party Plot,"Madhavpura,, ,, Vadodara, ₹, 300",,"Madhavpura,,Vadodara₹300",700-2000 pax,N/A,+2 more,https://www.wedmegood.com/wedding-venues/Lalita-Party-Plot-706195,"No Reviews Madhavpura, Vadodara Banquet Halls, Marriage Garden / Lawns Veg ₹ 300 per plate IndoorOutdoor"
Lohana Seva Mandal,"Karelibagh,, ,, Vadodara, ₹, 400, ₹, 500",,"Karelibagh,,Vadodara₹400₹500",250-600 pax,N/A,+3 more,https://www.wedmegood.com/wedding-venues/Lohana-Seva-Mandal-913622,"No Reviews Karelibagh, Vadodara Banquet Halls, Marriage Garden / Lawns Veg ₹ 400 per plate Non veg ₹ 500 per plate IndoorOutdoor"
Fortune Inn Promenade,"Padra Road,, ,, Vadodara, ₹, 899, ₹, 1,000",,"Padra Road,,Vadodara₹899₹1,000",50-150 pax,30 Rooms,+3 more,https://www.wedmegood.com/wedding-venues/Fortune-Inn-Promenade-1934261,"No Reviews Padra Road, Vadodara 4 Star & Above Wedding Hotels, Banquet Halls Veg ₹ 899 per plate Non veg ₹ 1,000 per plate"
LA Treno Banquet Hall,"Vadodara, ₹, 300",,Vadodara₹300,150-200 pax,N/A,+3 more,https://www.wedmegood.com/wedding-venues/LA-Treno-Banquet-Hall-24622817,No Reviews Vadodara Banquet Halls Veg ₹ 300 per plate Indoor
The Baroda Residency,"Alkapuri,, ,, Vadodara, ₹, 650, ₹, 750",3.3,"Alkapuri,,Vadodara₹650₹750",30-400 pax,48 Rooms,+3 more,https://www.wedmegood.com/wedding-venues/The-Baroda-Residency-743308,"(3 reviews) Alkapuri, Vadodara Banquet Halls, 3 Star Hotels with Banquets Veg ₹ 650 per plate Non veg ₹ 750 per plate"
Purandare Farm Lawns & Banquets,"Vadodara, Price on Request",4.0,VadodaraPrice on Request,120-2500 pax,N/A,+2 more,https://www.wedmegood.com/wedding-venues/Purandare-Farm-Lawns-and-Banquets-719640,"(1 review) Vadodara Banquet Halls, Marriage Garden / Lawns Price on Request IndoorOutdoor"
C. C. Patel Farm,"Manjalpur,, ,, Vadodara, ₹, 450, ₹, 475",5.0,"Manjalpur,,Vadodara₹450₹475",120-3000 pax,N/A,+2 more,https://www.wedmegood.com/wedding-venues/C-C-Patel-Farm-698926,"(1 review) Manjalpur, Vadodara Banquet Halls, Marriage Garden / Lawns Veg ₹ 450 per plate Non veg ₹ 475 per plate IndoorOutdoor"
Bahurani The Royal Family Restaurant,"Waghodia,, ,, Vadodara, ₹, 300",,"Waghodia,,Vadodara₹300",100-150 pax,N/A,+2 more,https://www.wedmegood.com/wedding-venues/Bahurani-The-Royal-Family-Restaurant-913410,"No Reviews Waghodia, Vadodara Banquet Halls, Small Function / Party Halls Veg ₹ 300 per plate Indoor"
Vivaah Party Plot & Banquet Hall,"Akota,, ,, Vadodara, ₹, 400",,"Akota,,Vadodara₹400",100-300 pax,N/A,+2 more,https://www.wedmegood.com/wedding-venues/Vivaah-Party-Plot-and-Banquet-Hall-1268952,"No Reviews Akota, Vadodara Banquet Halls, Marriage Garden / Lawns Veg ₹ 400 per plate IndoorOutdoor"
Venuotel Hotel,"Sayajiganj,, ,, Vadodara, Price on Request",,"Sayajiganj,,VadodaraPrice on Request",200-300 pax,23 Rooms,+3 more,https://www.wedmegood.com/wedding-venues/Venuotel-Hotel-2315252,"No Reviews Sayajiganj, Vadodara Banquet Halls, 3 Star Hotels with Banquets Price on Request"
Sigdi Restaurant & Banquet,"Akota,, ,, Vadodara, ₹, 250",,"Akota,,Vadodara₹250",60-125 pax,N/A,+2 more,https://www.wedmegood.com/wedding-venues/Sigdi-Restaurant-and-Banquet-594289,"No Reviews Akota, Vadodara Banquet Halls, Small Function / Party Halls Veg ₹ 250 per plate Indoor"
Lake View Multipurpose Hall,"Harni,, ,, Vadodara, ₹, 400",,"Harni,,Vadodara₹400",700-1000 pax,N/A,+2 more,https://www.wedmegood.com/wedding-venues/Lake-View-Multipurpose-Hall-911764,"No Reviews Harni, Vadodara Banquet Halls, Convention / Function Halls Veg ₹ 400 per plate Indoor"
Hyatt Place Vadodara,"Saiyed Vasna,, ,, Vadodara, ₹, 1,600, ₹, 1,800",,"Saiyed Vasna,,Vadodara₹1,600₹1,800",12-500 pax,117 Rooms,+3 more,https://www.wedmegood.com/wedding-venues/hyatt-place-vadodara-2168350,"No Reviews Saiyed Vasna, Vadodara 4 Star & Above Wedding Hotels, Banquet Halls Veg ₹ 1,600 per plate Non veg ₹ 1,800 per plate"
Alive Restaurant & Banquet,"Vadodara, ₹, 350",,Vadodara₹350,200-250 pax,65 Rooms,+4 more,https://www.wedmegood.com/wedding-venues/Alive-Restaurant-and-Banquet-4747077,"No Reviews Vadodara Banquet Halls, 3 Star Hotels with Banquets Veg ₹ 350 per plate"
Manjalpur Atithi Gruh,"Manjalpur,, ,, Vadodara, ₹, 400",,"Manjalpur,,Vadodara₹400",150-250 pax,N/A,+2 more,https://www.wedmegood.com/wedding-venues/Manjalpur-Atithi-Gruh-1012566,"No Reviews Manjalpur, Vadodara Banquet Halls Veg ₹ 400 per plate Indoor"
Hotel Marvel Residency,"Waghodia,, ,, Vadodara, ₹, 400",,"Waghodia,,Vadodara₹400",70-100 pax,22 Rooms,+3 more,https://www.wedmegood.com/wedding-venues/Hotel-Marvel-Residency-913056,"No Reviews Waghodia, Vadodara Banquet Halls, 3 Star Hotels with Banquets Veg ₹ 400 per plate"
Hotel Limra,"Sayajiganj,, ,, Vadodara, ₹, 500, ₹, 600",,"Sayajiganj,,Vadodara₹500₹600",60-100 pax,20 Rooms,+3 more,https://www.wedmegood.com/wedding-venues/Hotel-Limra-1241084,"No Reviews Sayajiganj, Vadodara Banquet Halls, 3 Star Hotels with Banquets Veg ₹ 500 per plate Non veg ₹ 600 per plate"
Premvati Fine Dine Restaurant and Banquet,"Atladara,, ,, Vadodara, ₹, 250",,"Atladara,,Vadodara₹250",200-300 pax,N/A,+2 more,https://www.wedmegood.com/wedding-venues/Premvati-Fine-Dine-Restaurant-and-Banquet-973108,"No Reviews Atladara, Vadodara Banquet Halls Veg ₹ 250 per plate Indoor"
Rudra Cafe & Restaurant,"Waghodia,, ,, Vadodara, ₹, 400",,"Waghodia,,Vadodara₹400",250-350 pax,N/A,+2 more,https://www.wedmegood.com/wedding-venues/Rudra-Cafe-and-Restaurant-911889,"No Reviews Waghodia, Vadodara Banquet Halls Veg ₹ 400 per plate Indoor"
Hotel Express Towers,"Vadiwadi,, ,, Vadodara, ₹, 500, ₹, 600",,"Vadiwadi,,Vadodara₹500₹600",15-180 pax,63 Rooms,+3 more,https://www.wedmegood.com/wedding-venues/Hotel-Express-Towers-593474,"No Reviews Vadiwadi, Vadodara Banquet Halls, 3 Star Hotels with Banquets Veg ₹ 500 per plate Non veg ₹ 600 per plate"
Umakant Community Hall,"Makarpura,, ,, Vadodara, ₹, 400",,"Makarpura,,Vadodara₹400",200-600 pax,N/A,+2 more,https://www.wedmegood.com/wedding-venues/Umakant-Community-Hall-1012404,"No Reviews Makarpura, Vadodara Banquet Halls, Marriage Garden / Lawns Veg ₹ 400 per plate IndoorOutdoor"
Dilly's Veg Kitchen,"Vadodara, ₹, 399",,Vadodara₹399,85-120 pax,N/A,+2 more,https://www.wedmegood.com/wedding-venues/Dillys-Veg-Kitchen-4606126,No Reviews Vadodara Banquet Halls Veg ₹ 399 per plate Indoor
Anavil Bhavan,"Vadodara, ₹, 250",,Vadodara₹250,200-500 pax,N/A,+2 more,https://www.wedmegood.com/wedding-venues/Anavil-Bhavan-1012435,"No Reviews Vadodara Banquet Halls, Marriage Garden / Lawns Veg ₹ 250 per plate IndoorOutdoor"
Hotel Sahyog,"Sayajiganj,, ,, Vadodara, Price on Request",,"Sayajiganj,,VadodaraPrice on Request",400-500 pax,"Banquet Halls, Venues With Rooms",+3 more,https://www.wedmegood.com/wedding-venues/Hotel-Sahyog-2345336,"No Reviews Sayajiganj, Vadodara Price on Request 8 Rooms"
Spice Nation,"Vadodara, ₹, 300",,Vadodara₹300,80-300 pax,N/A,+2 more,https://www.wedmegood.com/wedding-venues/Spice-Nation-911907,No Reviews Vadodara Banquet Halls Veg ₹ 300 per plate Indoor
Hotel Labh Regency,"Tandalja,, ,, Vadodara, ₹, 450, ₹, 550",,"Tandalja,,Vadodara₹450₹550",50-150 pax,20 Rooms,+3 more,https://www.wedmegood.com/wedding-venues/Hotel-Labh-Regency-911073,"No Reviews Tandalja, Vadodara Banquet Halls, 3 Star Hotels with Banquets Veg ₹ 450 per plate Non veg ₹ 550 per plate"
Status Restaurant & Banquets,"Vadiwadi,, ,, Vadodara, ₹, 700",,"Vadiwadi,,Vadodara₹700",250-350 pax,N/A,+2 more,https://www.wedmegood.com/wedding-venues/Status-Restaurant-and-Banquets-911254,"No Reviews Vadiwadi, Vadodara Banquet Halls Veg ₹ 700 per plate Indoor"
Flavor The Restaurant,"Tarsali,, ,, Vadodara, ₹, 300, ₹, 500",,"Tarsali,,Vadodara₹300₹500",150-250 pax,N/A,+2 more,https://www.wedmegood.com/wedding-venues/Flavor-The-Restaurant-911130,"No Reviews Tarsali, Vadodara Banquet Halls, Marriage Garden / Lawns Veg ₹ 300 per plate Non veg ₹ 500 per plate OutdoorIndoor"
Nirvana Resort,"Vadodara, ₹, 3,00,000",,"Vadodara₹3,00,000",150-400 pax,24 Rooms,+4 more,https://www.wedmegood.com/wedding-venues/Nirvana-Resort-4565199,"No Reviews Vadodara Banquet Halls, Marriage Garden / Lawns Rental cost ₹ 3,00,000 per function"
Upendra Acharya Party Plot,"Karelibagh,, ,, Vadodara, Price on Request",,"Karelibagh,,VadodaraPrice on Request",500-800 pax,N/A,+2 more,https://www.wedmegood.com/wedding-venues/Upendra-Acharya-Party-Plot-2313085,"No Reviews Karelibagh, Vadodara Banquet Halls, Marriage Garden / Lawns Price on Request IndoorOutdoor"
Ajwa Green Resort,"Vadodara, ₹, 400",,Vadodara₹400,100-3000 pax,28 Rooms,+3 more,https://www.wedmegood.com/wedding-venues/Ajwa-Green-Resort-913680,"No Reviews Vadodara Banquet Halls, Marriage Garden / Lawns Veg ₹ 400 per plate"
The Aditya Royal Banquet & Party Plot,"Kendranagar,, ,, Vadodara, ₹, 600",,"Kendranagar,,Vadodara₹600",400-1400 pax,N/A,+2 more,https://www.wedmegood.com/wedding-venues/The-Aditya-Royal-Banquet-and-Party-Plot-1240981,"No Reviews Kendranagar, Vadodara Banquet Halls, Marriage Garden / Lawns Veg ₹ 600 per plate IndoorOutdoor"
President Hotel,"Sayajiganj,, ,, Vadodara, ₹, 400, ₹, 500",,"Sayajiganj,,Vadodara₹400₹500",60-100 pax,18 Rooms,+3 more,https://www.wedmegood.com/wedding-venues/President-Hotel-1241053,"No Reviews Sayajiganj, Vadodara Banquet Halls, 3 Star Hotels with Banquets Veg ₹ 400 per plate Non veg ₹ 500 per plate"
Hotel Ace Grand,"Vadodara, ₹, 300, ₹, 400",,Vadodara₹300₹400,150-250 pax,70 Rooms,+3 more,https://www.wedmegood.com/wedding-venues/hotel-ace-grand-24446520,"No Reviews Vadodara Banquet Halls, 3 Star Hotels with Banquets Veg ₹ 300 per plate Non veg ₹ 400 per plate"
Baroda Banquets,"Sayaji Park Society,, ,, Vadodara, ₹, 450, ₹, 550",,"Sayaji Park Society,,Vadodara₹450₹550",250-350 pax,N/A,+2 more,https://www.wedmegood.com/wedding-venues/Baroda-Banquets-994802,"No Reviews Sayaji Park Society, Vadodara Banquet Halls Veg ₹ 450 per plate Non veg ₹ 550 per plate Indoor"
Sovereign Restaurant,"Chhani,, ,, Vadodara, ₹, 350",,"Chhani,,Vadodara₹350",250-350 pax,N/A,+2 more,https://www.wedmegood.com/wedding-venues/Sovereign-Restaurant-911912,"No Reviews Chhani, Vadodara Banquet Halls Veg ₹ 350 per plate Indoor"
Celebration Hall,"Vadiwadi,, ,, Vadodara, ₹, 550",,"Vadiwadi,,Vadodara₹550",250-400 pax,N/A,+2 more,https://www.wedmegood.com/wedding-venues/Celebration-Hall-994850,"No Reviews Vadiwadi, Vadodara Banquet Halls Veg ₹ 550 per plate Indoor"
Nakshatra Banquets And Conventions,"Karelibagh,, ,, Vadodara, ₹, 400",,"Karelibagh,,Vadodara₹400",550-2000 pax,N/A,+2 more,https://www.wedmegood.com/wedding-venues/Nakshatra-Banquets-And-Conventions-701334,"No Reviews Karelibagh, Vadodara Banquet Halls, Marriage Garden / Lawns Veg ₹ 400 per plate IndoorOutdoor"
Pancham Party Plot,"Kendranagar,, ,, Vadodara, ₹, 4,50,000",,"Kendranagar,,Vadodara₹4,50,000",500-2000 pax,N/A,+3 more,https://www.wedmegood.com/wedding-venues/Pancham-Party-Plot-594914,"No Reviews Kendranagar, Vadodara Banquet Halls, Marriage Garden / Lawns Rental cost ₹ 4,50,000 per function IndoorOutdoor"
Hotel PM Regency,"Sayajiganj,, ,, Vadodara, ₹, 350",,"Sayajiganj,,Vadodara₹350",120-200 pax,42 Rooms,+3 more,https://www.wedmegood.com/wedding-venues/Hotel-PM-Regency-988843,"No Reviews Sayajiganj, Vadodara Banquet Halls, 3 Star Hotels with Banquets Veg ₹ 350 per plate"
Shivam Party Plot,"Gotri,, ,, Vadodara, ₹, 500",,"Gotri,,Vadodara₹500",250-1500 pax,N/A,+2 more,https://www.wedmegood.com/wedding-venues/Shivam-Party-Plot-701336,"No Reviews Gotri, Vadodara Banquet Halls, Marriage Garden / Lawns Veg ₹ 500 per plate IndoorOutdoor"
Dwarkesh Farm,"Tarsali,, ,, Vadodara, ₹, 250",,"Tarsali,,Vadodara₹250",400-2500 pax,N/A,+2 more,https://www.wedmegood.com/wedding-venues/Dwarkesh-Farm-719648,"No Reviews Tarsali, Vadodara Banquet Halls, Marriage Garden / Lawns Veg ₹ 250 per plate IndoorOutdoor"
Delicacy Restaurant and Banquet,"Diwalipura,, ,, Vadodara, ₹, 400",,"Diwalipura,,Vadodara₹400",200-300 pax,N/A,+2 more,https://www.wedmegood.com/wedding-venues/Delicacy-Restaurant-and-Banquet-911971,"No Reviews Diwalipura, Vadodara Banquet Halls Veg ₹ 400 per plate Indoor"
Vivaah Party Lawns & Banquet,"Sevasi,, ,, Vadodara, ₹, 600",,"Sevasi,,Vadodara₹600",800-1200 pax,N/A,+2 more,https://www.wedmegood.com/wedding-venues/Vivaah-Party-Lawns-and-Banquet-912991,"No Reviews Sevasi, Vadodara Banquet Halls, Marriage Garden / Lawns Veg ₹ 600 per plate OutdoorIndoor"
Tansha Comfort Regency,"Akota,, ,, Vadodara, ₹, 499",,"Akota,,Vadodara₹499",150-250 pax,55 Rooms,+3 more,https://www.wedmegood.com/wedding-venues/Tansha-Comfort-Regency-971016,"No Reviews Akota, Vadodara Banquet Halls, 3 Star Hotels with Banquets Veg ₹ 499 per plate"
Ganesh Hall,"Manjalpur,, ,, Vadodara, ₹, 300",,"Manjalpur,,Vadodara₹300",400-1500 pax,N/A,+2 more,https://www.wedmegood.com/wedding-venues/Ganesh-Hall-913626,"No Reviews Manjalpur, Vadodara Banquet Halls, Marriage Garden / Lawns Veg ₹ 300 per plate IndoorOutdoor"
Joravar Estates Party Plot,"Kendranagar,, ,, Vadodara, ₹, 400",,"Kendranagar,,Vadodara₹400",200-2500 pax,N/A,+2 more,https://www.wedmegood.com/wedding-venues/Joravar-Estates-Party-Plot-913350,"No Reviews Kendranagar, Vadodara Banquet Halls, Marriage Garden / Lawns Veg ₹ 400 per plate IndoorOutdoor"
Best Western Alkapuri,"Vadiwadi,, ,, Vadodara, ₹, 425, ₹, 525",,"Vadiwadi,,Vadodara₹425₹525",60-80 pax,72 Rooms,+3 more,https://www.wedmegood.com/wedding-venues/Best-Western-Alkapuri-594255,"No Reviews Vadiwadi, Vadodara Banquet Halls, 3 Star Hotels with Banquets Veg ₹ 425 per plate Non veg ₹ 525 per plate"
Gopi Lawns,"Vadodara, ₹, 1,50,000",,"Vadodara₹1,50,000",140-700 pax,2 Rooms,+4 more,https://www.wedmegood.com/wedding-venues/Gopi-Lawns-25079520,"No Reviews Vadodara Banquet Halls, Marriage Garden / Lawns Rental cost ₹ 1,50,000 per function"
LVP Banquets & Conventions,"Kevdabaug,, ,, Vadodara, ₹, 1,000, ₹, 1,100",,"Kevdabaug,,Vadodara₹1,000₹1,100",N/A,N/A,+1 more,https://www.wedmegood.com/wedding-venues/LVP-Banquets-and-Conventions-585241,"No Reviews Kevdabaug, Vadodara Banquet Halls, Marriage Garden / Lawns Veg ₹ 1,000 per plate Non veg ₹ 1,100 per plate IndoorOutdoorPoolside Inhouse catering only"
Shukan Banquet Hall,"Vemali,, ,, Vadodara, Price on Request",,"Vemali,,VadodaraPrice on Request",400-450 pax,N/A,+2 more,https://www.wedmegood.com/wedding-venues/Shukan-Banquet-Hall-2315958,"No Reviews Vemali, Vadodara Banquet Halls Price on Request Indoor"
Swami Sarvanand Hall,"Vadodara, ₹, 500",,Vadodara₹500,250-400 pax,N/A,+2 more,https://www.wedmegood.com/wedding-venues/Swami-Sarvanand-Hall-911519,No Reviews Vadodara Banquet Halls Veg ₹ 500 per plate Indoor
Yahvi Hotels,"Vadodara, ₹, 1,000, ₹, 1,200",,"Vadodara₹1,000₹1,200",400-600 pax,25 Rooms,+3 more,https://www.wedmegood.com/wedding-venues/Yahvi-Hotels-3208178,"No Reviews Vadodara Banquet Halls, 3 Star Hotels with Banquets Veg ₹ 1,000 per plate Non veg ₹ 1,200 per plate"
Blue Lagoon,"Fatehgunj,, ,, Vadodara, ₹, 315",,"Fatehgunj,,Vadodara₹315",90-120 pax,34 Rooms,+3 more,https://www.wedmegood.com/wedding-venues/Blue-Lagoon-996994,"No Reviews Fatehgunj, Vadodara Banquet Halls, 3 Star Hotels with Banquets Veg ₹ 315 per plate"
Hotel Legend,"Sayajiganj,, ,, Vadodara, ₹, 250",,"Sayajiganj,,Vadodara₹250",200-350 pax,16 Rooms,+3 more,https://www.wedmegood.com/wedding-venues/Hotel-Legend-116371,"No Reviews Sayajiganj, Vadodara Banquet Halls, 3 Star Hotels with Banquets Veg ₹ 250 per plate"
Greenleaf Restaurant and Lawns,"Babajipura,, ,, Vadodara, ₹, 400",,"Babajipura,,Vadodara₹400",70-200 pax,N/A,+2 more,https://www.wedmegood.com/wedding-venues/Greenleaf-Restaurant-and-Lawns-971140,"No Reviews Babajipura, Vadodara Banquet Halls, Marriage Garden / Lawns Veg ₹ 400 per plate IndoorOutdoor"
Gayatri Party Plot,"Gotri,, ,, Vadodara, ₹, 450",,"Gotri,,Vadodara₹450",400-1500 pax,N/A,+3 more,https://www.wedmegood.com/wedding-venues/Gayatri-Party-Plot-729940,"No Reviews Gotri, Vadodara Banquet Halls, Marriage Garden / Lawns Veg ₹ 450 per plate Indoor"
Ajanta Marriage Hall,"Hari Nagar,, ,, Vadodara, ₹, 400",,"Hari Nagar,,Vadodara₹400",400-600 pax,N/A,+2 more,https://www.wedmegood.com/wedding-venues/Ajanta-Marriage-Hall-1259711,"No Reviews Hari Nagar, Vadodara Banquet Halls, Convention / Function Halls Veg ₹ 400 per plate Indoor"
Swagatam Party Lawns & Banquet Hall,"Chhani,, ,, Vadodara, ₹, 300",,"Chhani,,Vadodara₹300",1000-1500 pax,N/A,+2 more,https://www.wedmegood.com/wedding-venues/Swagatam-Party-Lawns-and-Banquet-Hall-719650,"No Reviews Chhani, Vadodara Banquet Halls, Marriage Garden / Lawns Veg ₹ 300 per plate IndoorOutdoor"
Shreeji Party Plot,"Sayaji Park Society,, ,, Vadodara, Price on Request",,"Sayaji Park Society,,VadodaraPrice on Request",500-1000 pax,N/A,+2 more,https://www.wedmegood.com/wedding-venues/Shreeji-Party-Plot-2330326,"No Reviews Sayaji Park Society, Vadodara Banquet Halls, Marriage Garden / Lawns Price on Request IndoorOutdoor"
Dalia Wadi Nirant Bhavan,"Moghul Wada,, ,, Vadodara, ₹, 350",,"Moghul Wada,,Vadodara₹350",150-450 pax,10 Rooms,+3 more,https://www.wedmegood.com/wedding-venues/Dalia-Wadi-Nirant-Bhavan-913658,"No Reviews Moghul Wada, Vadodara Banquet Halls, Marriage Garden / Lawns Veg ₹ 350 per plate"
Orizon Restaurant,"Padra Road,, ,, Vadodara, ₹, 250",,"Padra Road,,Vadodara₹250",120-200 pax,N/A,+2 more,https://www.wedmegood.com/wedding-venues/Orizon-Restaurant-970936,"No Reviews Padra Road, Vadodara Party Restaurants / Lounge Bars, Banquet Halls Veg ₹ 250 per plate Indoor"
Hotel Midtown,"Fatehgunj,, ,, Vadodara, ₹, 400, ₹, 600",,"Fatehgunj,,Vadodara₹400₹600",200-250 pax,20 Rooms,+4 more,https://www.wedmegood.com/wedding-venues/Hotel-Midtown-911297,"No Reviews Fatehgunj, Vadodara Banquet Halls, 3 Star Hotels with Banquets Veg ₹ 400 per plate Non veg ₹ 600 per plate"
Appusone Banquets,"Padra Road,, ,, Vadodara, ₹, 300, ₹, 400",,"Padra Road,,Vadodara₹300₹400",150-700 pax,N/A,+2 more,https://www.wedmegood.com/wedding-venues/Appusone-Banquets-706201,"No Reviews Padra Road, Vadodara Banquet Halls, Marriage Garden / Lawns Veg ₹ 300 per plate Non veg ₹ 400 per plate IndoorOutdoor"
Presidency Sports Club,"Vadodara, Price on Request",,VadodaraPrice on Request,30-500 pax,10 Rooms,+3 more,https://www.wedmegood.com/wedding-venues/Presidency-Sports-Club-3404687,"No Reviews Vadodara Banquet Halls, Marriage Garden / Lawns Price on Request"
Grand Tulip Banquet & Lawn,"Vadodara, ₹, 350",,Vadodara₹350,1000-2000 pax,23 Rooms,+3 more,https://www.wedmegood.com/wedding-venues/Grand-Tulip-Banquet-and-Lawn-332916,"No Reviews Vadodara Banquet Halls, Marriage Garden / Lawns Veg ₹ 350 per plate"
Kalash Banquet,"Vadodara, Price on Request",,VadodaraPrice on Request,300-400 pax,N/A,+2 more,https://www.wedmegood.com/wedding-venues/Kalash-Banquet-1259717,No Reviews Vadodara Banquet Halls Price on Request Indoor
The Grand Thakar,"Vadiwadi,, ,, Vadodara, ₹, 375",,"Vadiwadi,,Vadodara₹375",300-400 pax,N/A,+2 more,https://www.wedmegood.com/wedding-venues/The-Grand-Thakar-971023,"No Reviews Vadiwadi, Vadodara Banquet Halls Veg ₹ 375 per plate Indoor"
Rushi Mandap Marriage Hall,"Karelibagh,, ,, Vadodara, ₹, 350",,"Karelibagh,,Vadodara₹350",250-400 pax,N/A,+2 more,https://www.wedmegood.com/wedding-venues/Rushi-Mandap-Marriage-Hall-911336,"No Reviews Karelibagh, Vadodara Banquet Halls Veg ₹ 350 per plate Indoor"
Rudraksh Party Plot,"Vadodara, ₹, 600",,Vadodara₹600,2000-3000 pax,N/A,+2 more,https://www.wedmegood.com/wedding-venues/Rudraksh-Party-Plot-969163,"No Reviews Vadodara Banquet Halls, Marriage Garden / Lawns Veg ₹ 600 per plate OutdoorIndoor"
Lilleria Banquet And Gardens,"Vemali,, ,, Vadodara, ₹, 335",,"Vemali,,Vadodara₹335",700-2500 pax,N/A,+2 more,https://www.wedmegood.com/wedding-venues/Lilleria-Banquet-And-Gardens-729915,"No Reviews Vemali, Vadodara Banquet Halls, Marriage Garden / Lawns Veg ₹ 335 per plate IndoorOutdoor"
Amrutvadi,"Akota,, ,, Vadodara, ₹, 400, ₹, 500",,"Akota,,Vadodara₹400₹500",100-150 pax,N/A,+2 more,https://www.wedmegood.com/wedding-venues/Amrutvadi-1268976,"No Reviews Akota, Vadodara Banquet Halls, Small Function / Party Halls Veg ₹ 400 per plate Non veg ₹ 500 per plate Indoor"
The Pride Biznotel,"Sayajiganj,, ,, Vadodara, ₹, 550, ₹, 850",,"Sayajiganj,,Vadodara₹550₹850",50-100 pax,73 Rooms,+3 more,https://www.wedmegood.com/wedding-venues/The-Pride-Biznotel-725320,"No Reviews Sayajiganj, Vadodara Banquet Halls, 3 Star Hotels with Banquets Veg ₹ 550 per plate Non veg ₹ 850 per plate"
The Highway Eats,"Vadodara, ₹, 429",,Vadodara₹429,150-2000 pax,11 Rooms,+3 more,https://www.wedmegood.com/wedding-venues/The-Highway-Eats-25080163,"No Reviews Vadodara Banquet Halls, Marriage Garden / Lawns Veg ₹ 429 per plate"
KK's Restaurant & Banquet,"Subhanpura,, ,, Vadodara, ₹, 300",,"Subhanpura,,Vadodara₹300",150-250 pax,N/A,+2 more,https://www.wedmegood.com/wedding-venues/KKs-Restaurant-and-Banquet-913052,"No Reviews Subhanpura, Vadodara Banquet Halls Veg ₹ 300 per plate Indoor"
Hotel Palmview Residency,"Jetalpur,, ,, Vadodara, ₹, 350",,"Jetalpur,,Vadodara₹350",60-100 pax,24 Rooms,+3 more,https://www.wedmegood.com/wedding-venues/Hotel-Palmview-Residency-974828,"No Reviews Jetalpur, Vadodara Banquet Halls, 3 Star Hotels with Banquets Veg ₹ 350 per plate"
Hotel Orbit,"Sayajiganj,, ,, Vadodara, Price on Request",,"Sayajiganj,,VadodaraPrice on Request",80-120 pax,35 Rooms,+3 more,https://www.wedmegood.com/wedding-venues/Hotel-Orbit-2350634,"No Reviews Sayajiganj, Vadodara Banquet Halls, 3 Star Hotels with Banquets Price on Request"
Kamdhenu Resort,"Vadodara, ₹, 675, ₹, 875",,Vadodara₹675₹875,150-650 pax,22 Rooms,+3 more,https://www.wedmegood.com/wedding-venues/Kamdhenu-Resort-743720,"No Reviews Vadodara Banquet Halls, Marriage Garden / Lawns Veg ₹ 675 per plate Non veg ₹ 875 per plate"
Shree Raghuvanshi Lohana Mahajan Wadi,"Vadiwadi,, ,, Vadodara, ₹, 400",,"Vadiwadi,,Vadodara₹400",350-550 pax,N/A,+2 more,https://www.wedmegood.com/wedding-venues/Shree-Raghuvanshi-Lohana-Mahajan-Wadi-913341,"No Reviews Vadiwadi, Vadodara Banquet Halls, Convention / Function Halls Veg ₹ 400 per plate Indoor"
Rangoli Restaurant,"Fatehgunj,, ,, Vadodara, ₹, 300, ₹, 425",,"Fatehgunj,,Vadodara₹300₹425",120-350 pax,N/A,+2 more,https://www.wedmegood.com/wedding-venues/Rangoli-Restaurant-725322,"No Reviews Fatehgunj, Vadodara Banquet Halls Veg ₹ 300 per plate Non veg ₹ 425 per plate Indoor"
Hotel Khatti Imly,"Madhavpura,, ,, Vadodara, ₹, 600",,"Madhavpura,,Vadodara₹600",120-250 pax,23 Rooms,+3 more,https://www.wedmegood.com/wedding-venues/Hotel-Khatti-Imly-994792,"No Reviews Madhavpura, Vadodara Banquet Halls, 3 Star Hotels with Banquets Veg ₹ 600 per plate"
Vinegar Restaurant & Banquet Hall,"Vadodara, ₹, 249",,Vadodara₹249,140-200 pax,N/A,+2 more,https://www.wedmegood.com/wedding-venues/Vinegar-Restaurant-and-Banquet-Hall-911491,No Reviews Vadodara Banquet Halls Veg ₹ 249 per plate Indoor
Reva Party Plot,"Tarsali,, ,, Vadodara, Price on Request",,"Tarsali,,VadodaraPrice on Request",300-2000 pax,N/A,+2 more,https://www.wedmegood.com/wedding-venues/Reva-Party-Plot-1260082,"No Reviews Tarsali, Vadodara Banquet Halls, Marriage Garden / Lawns Price on Request IndoorOutdoor"
Memories Banquet,"Waghodia,, ,, Vadodara, ₹, 450",,"Waghodia,,Vadodara₹450",120-200 pax,N/A,+2 more,https://www.wedmegood.com/wedding-venues/Memories-Banquet-1014679,"No Reviews Waghodia, Vadodara Banquet Halls Veg ₹ 450 per plate Indoor"
My Recipe Restaurant & Banquet,"Waghodia,, ,, Vadodara, ₹, 250",,"Waghodia,,Vadodara₹250",150-250 pax,N/A,+2 more,https://www.wedmegood.com/wedding-venues/My-Recipe-Restaurant-and-Banquet-911140,"No Reviews Waghodia, Vadodara Banquet Halls Veg ₹ 250 per plate Indoor"
Chhappanbhog Restaurant and Banquets,"Jetalpur,, ,, Vadodara, Price on Request",,"Jetalpur,,VadodaraPrice on Request",225-350 pax,N/A,+2 more,https://www.wedmegood.com/wedding-venues/Chhappanbhog-Restaurant-and-Banquets-719644,"No Reviews Jetalpur, Vadodara Banquet Halls Price on Request Indoor"
Braj Party Plot,"Vadodara, Price on Request",,VadodaraPrice on Request,150-700 pax,N/A,+2 more,https://www.wedmegood.com/wedding-venues/Braj-Party-Plot-3167371,"No Reviews Vadodara Banquet Halls, Marriage Garden / Lawns Price on Request IndoorOutdoor"
Valam Party Plot,"Harni,, ,, Vadodara, Price on Request",,"Harni,,VadodaraPrice on Request",300-400 pax,N/A,+2 more,https://www.wedmegood.com/wedding-venues/Valam-Party-Plot-2330514,"No Reviews Harni, Vadodara Banquet Halls, Marriage Garden / Lawns Price on Request IndoorOutdoor"
HL Patel Party Plot,"Saiyed Vasna,, ,, Vadodara, ₹, 350",,"Saiyed Vasna,,Vadodara₹350",150-1500 pax,N/A,+2 more,https://www.wedmegood.com/wedding-venues/HL-Patel-Party-Plot-594225,"No Reviews Saiyed Vasna, Vadodara Banquet Halls, Marriage Garden / Lawns Veg ₹ 350 per plate IndoorOutdoor"
Hotel SR Inn,"Nizampura,, ,, Vadodara, ₹, 250",,"Nizampura,,Vadodara₹250",130-200 pax,31 Rooms,+3 more,https://www.wedmegood.com/wedding-venues/Hotel-SR-Inn-911233,"No Reviews Nizampura, Vadodara Banquet Halls, 3 Star Hotels with Banquets Veg ₹ 250 per plate"
The Secret Kitchen,"Vadiwadi,, ,, Vadodara, ₹, 400, ₹, 500",,"Vadiwadi,,Vadodara₹400₹500",150-250 pax,N/A,+3 more,https://www.wedmegood.com/wedding-venues/The-Secret-Kitchen-913376,"No Reviews Vadiwadi, Vadodara Banquet Halls Veg ₹ 400 per plate Non veg ₹ 500 per plate Indoor"
P M Banquets,"Alkapuri,, ,, Vadodara, ₹, 250",,"Alkapuri,,Vadodara₹250",350-700 pax,N/A,+2 more,https://www.wedmegood.com/wedding-venues/P-M-Banquets-729905,"No Reviews Alkapuri, Vadodara Banquet Halls, Marriage Garden / Lawns Veg ₹ 250 per plate IndoorOutdoor"
Shri Dhandhar Panchal Seva Samaj Wadi,"Vadodara, Price on Request",,VadodaraPrice on Request,300-500 pax,N/A,+2 more,https://www.wedmegood.com/wedding-venues/Shri-Dhandhar-Panchal-Seva-Samaj-Wadi-3208361,"No Reviews Vadodara Banquet Halls, Marriage Garden / Lawns Price on Request IndoorOutdoor"
Leisure Alley Restaurant & Banquet,"Vadodara, Price on Request",,VadodaraPrice on Request,250-350 pax,N/A,+2 more,https://www.wedmegood.com/wedding-venues/Leisure-Alley-Restaurant-and-Banquet-3340036,No Reviews Vadodara Banquet Halls Price on Request Indoor
Vitthal Hall,"Manjalpur,, ,, Vadodara, Price on Request",,"Manjalpur,,VadodaraPrice on Request",120-200 pax,"Banquet Halls, Venues With Rooms",+3 more,https://www.wedmegood.com/wedding-venues/Vitthal-Hall-2307381,"No Reviews Manjalpur, Vadodara Price on Request 2 Rooms"
J D The Business Luxury Hotel,"Sayajiganj,, ,, Vadodara, ₹, 400, ₹, 500",,"Sayajiganj,,Vadodara₹400₹500",70-130 pax,59 Rooms,+3 more,https://www.wedmegood.com/wedding-venues/J-D-The-Business-Luxury-Hotel-916608,"No Reviews Sayajiganj, Vadodara Banquet Halls, 3 Star Hotels with Banquets Veg ₹ 400 per plate Non veg ₹ 500 per plate"
Shree Kanam Pradesh Patidar Seva Samaj,"Navapura,, ,, Vadodara, ₹, 500",,"Navapura,,Vadodara₹500",450-650 pax,N/A,+2 more,https://www.wedmegood.com/wedding-venues/Shree-Kanam-Pradesh-Patidar-Seva-Samaj-999775,"No Reviews Navapura, Vadodara Banquet Halls, Convention / Function Halls Veg ₹ 500 per plate Indoor"
Oak Leaf Restaurant,"New Sama,, ,, Vadodara, ₹, 350",,"New Sama,,Vadodara₹350",220-350 pax,N/A,+2 more,https://www.wedmegood.com/wedding-venues/Oak-Leaf-Restaurant-913425,"No Reviews New Sama, Vadodara Banquet Halls Veg ₹ 350 per plate Indoor"
Govardhan Banquet & Lawns,"Vadodara, ₹, 2,50,000",,"Vadodara₹2,50,000",300-1500 pax,2 Rooms,+4 more,https://www.wedmegood.com/wedding-venues/Govardhan-Banquet-and-Lawns-24826594,"No Reviews Vadodara Banquet Halls, Marriage Garden / Lawns Rental cost ₹ 2,50,000 per function"
Regenta Inn,"Sayajiganj,, ,, Vadodara, ₹, 600, ₹, 700",,"Sayajiganj,,Vadodara₹600₹700",100-600 pax,92 Rooms,+3 more,https://www.wedmegood.com/wedding-venues/Regenta-Inn-972721,"No Reviews Sayajiganj, Vadodara Banquet Halls, 3 Star Hotels with Banquets Veg ₹ 600 per plate Non veg ₹ 700 per plate"
Rambagh Party Plot,"Gorwa,, ,, Vadodara, ₹, 500",,"Gorwa,,Vadodara₹500",150-800 pax,N/A,+2 more,https://www.wedmegood.com/wedding-venues/Rambagh-Party-Plot-970951,"No Reviews Gorwa, Vadodara Banquet Halls, Marriage Garden / Lawns Veg ₹ 500 per plate IndoorOutdoor"
Hotel Avista,"Jetalpur,, ,, Vadodara, ₹, 300, ₹, 400",,"Jetalpur,,Vadodara₹300₹400",50-150 pax,32 Rooms,+3 more,https://www.wedmegood.com/wedding-venues/Hotel-Avista-913694,"No Reviews Jetalpur, Vadodara Banquet Halls, 3 Star Hotels with Banquets Veg ₹ 300 per plate Non veg ₹ 400 per plate"
Gangotri Party Plot & Marriage Hall,"New Sama,, ,, Vadodara, ₹, 300",,"New Sama,,Vadodara₹300",150-1500 pax,N/A,+2 more,https://www.wedmegood.com/wedding-venues/Gangotri-Party-Plot-and-Marriage-Hall-701370,"No Reviews New Sama, Vadodara Banquet Halls, Marriage Garden / Lawns Veg ₹ 300 per plate IndoorOutdoor"
Nutan Bharat Club,"Alkapuri,, ,, Vadodara, ₹, 300",,"Alkapuri,,Vadodara₹300",400-600 pax,N/A,+2 more,https://www.wedmegood.com/wedding-venues/Nutan-Bharat-Club-913301,"No Reviews Alkapuri, Vadodara Banquet Halls, Convention / Function Halls Veg ₹ 300 per plate Indoor"
Paradise Restaurant and Banquet,"Haripura,, ,, Vadodara, ₹, 300",,"Haripura,,Vadodara₹300",120-200 pax,N/A,+2 more,https://www.wedmegood.com/wedding-venues/Paradise-Restaurant-and-Banquet-743718,"No Reviews Haripura, Vadodara Banquet Halls Veg ₹ 300 per plate Indoor"
Dishavan Bhavan Party Plot,"Karelibagh,, ,, Vadodara, ₹, 400",,"Karelibagh,,Vadodara₹400",250-750 pax,N/A,+2 more,https://www.wedmegood.com/wedding-venues/Dishavan-Bhavan-Party-Plot-701330,"No Reviews Karelibagh, Vadodara Banquet Halls, Marriage Garden / Lawns Veg ₹ 400 per plate IndoorOutdoor"
"Four Points by Sheraton, Vadodara","Fatehgunj,, ,, Vadodara, ₹, 600, ₹, 700",,"Fatehgunj,,Vadodara₹600₹700",130-200 pax,105 Rooms,+3 more,https://www.wedmegood.com/wedding-venues/Four-Points-by-Sheraton-Vadodara-911683,"No Reviews Fatehgunj, Vadodara Banquet Halls, 3 Star Hotels with Banquets Veg ₹ 600 per plate Non veg ₹ 700 per plate"
Ram Baug Party Palace & Banquet Hall,"Akota,, ,, Vadodara, ₹, 499",,"Akota,,Vadodara₹499",250-3000 pax,10 Rooms,+4 more,https://www.wedmegood.com/wedding-venues/Ram-Baug-Party-Palace-and-Banquet-Hall-912980,"No Reviews Akota, Vadodara Banquet Halls, Marriage Garden / Lawns Veg ₹ 499 per plate"
Hotel Raajpath,"Jetalpur,, ,, Vadodara, ₹, 450",,"Jetalpur,,Vadodara₹450",100-150 pax,35 Rooms,+3 more,https://www.wedmegood.com/wedding-venues/Hotel-Raajpath-911344,"No Reviews Jetalpur, Vadodara Banquet Halls, 3 Star Hotels with Banquets Veg ₹ 450 per plate"
Kumkum Marriage Hall & Party Plot,"Nizampura,, ,, Vadodara, ₹, 150, ₹, 200",,"Nizampura,,Vadodara₹150₹200",350-1200 pax,35 Rooms,+3 more,https://www.wedmegood.com/wedding-venues/Kumkum-Marriage-Hall-and-Party-Plot-594411,"No Reviews Nizampura, Vadodara Banquet Halls, Marriage Garden / Lawns Veg ₹ 150 per plate Non veg ₹ 200 per plate"
Hotel Tulsi,"Sayajiganj,, ,, Vadodara, ₹, 400, ₹, 500",,"Sayajiganj,,Vadodara₹400₹500",75-150 pax,20 Rooms,+3 more,https://www.wedmegood.com/wedding-venues/Hotel-Tulsi-911655,"No Reviews Sayajiganj, Vadodara Banquet Halls, 3 Star Hotels with Banquets Veg ₹ 400 per plate Non veg ₹ 500 per plate"
Ginger Vadodara (RCR),"Vadiwadi,, ,, Vadodara, ₹, 700, ₹, 800",,"Vadiwadi,,Vadodara₹700₹800",60-250 pax,100 Rooms,+3 more,https://www.wedmegood.com/wedding-venues/Ginger-Vadodara-RCR-974821,"No Reviews Vadiwadi, Vadodara Banquet Halls, 3 Star Hotels with Banquets Veg ₹ 700 per plate Non veg ₹ 800 per plate"
Treebo Yahvi,"Diwalipura,, ,, Vadodara, ₹, 450, ₹, 550",,"Diwalipura,,Vadodara₹450₹550",60-100 pax,21 Rooms,+3 more,https://www.wedmegood.com/wedding-venues/Treebo-Yahvi-913758,"No Reviews Diwalipura, Vadodara Banquet Halls, 3 Star Hotels with Banquets Veg ₹ 450 per plate Non veg ₹ 550 per plate"
Shagun Banquet,"Warashiya,, ,, Vadodara, ₹, 300",,"Warashiya,,Vadodara₹300",200-300 pax,N/A,+2 more,https://www.wedmegood.com/wedding-venues/Shagun-Banquet-1010066,"No Reviews Warashiya, Vadodara Banquet Halls Veg ₹ 300 per plate Indoor"
Prit Party Plot,"New Sama,, ,, Vadodara, Price on Request",,"New Sama,,VadodaraPrice on Request",500-1000 pax,N/A,+2 more,https://www.wedmegood.com/wedding-venues/Prit-Party-Plot-2312869,"No Reviews New Sama, Vadodara Banquet Halls, Marriage Garden / Lawns Price on Request IndoorOutdoor"
Hotel Aum Regency,"New Sama,, ,, Vadodara, ₹, 400, ₹, 500",,"New Sama,,Vadodara₹400₹500",30-300 pax,N/A,+2 more,https://www.wedmegood.com/wedding-venues/Hotel-Aum-Regency-743316,"No Reviews New Sama, Vadodara Banquet Halls, Small Function / Party Halls Veg ₹ 400 per plate Non veg ₹ 500 per plate Indoor"
Riya Revati Resort,"New Sama,, ,, Vadodara, ₹, 350",,"New Sama,,Vadodara₹350",80-1200 pax,11 Rooms,+3 more,https://www.wedmegood.com/wedding-venues/Riya-Revati-Resort-595078,"No Reviews New Sama, Vadodara Banquet Halls, Marriage Garden / Lawns Veg ₹ 350 per plate"
De' Courtyard,"Tandalja,, ,, Vadodara, ₹, 350",,"Tandalja,,Vadodara₹350",120-200 pax,N/A,+2 more,https://www.wedmegood.com/wedding-venues/De-Courtyard-974843,"No Reviews Tandalja, Vadodara Banquet Halls Veg ₹ 350 per plate OutdoorIndoor"
Tandoor Garden Restaurant,"Vadodara, ₹, 300, ₹, 400",,Vadodara₹300₹400,70-400 pax,N/A,+2 more,https://www.wedmegood.com/wedding-venues/Tandoor-Garden-Restaurant-975330,"No Reviews Vadodara Banquet Halls, Marriage Garden / Lawns Veg ₹ 300 per plate Non veg ₹ 400 per plate IndoorOutdoor"
Kashi Da Party Plot,"Madhavpura,, ,, Vadodara, ₹, 1,80,000",,"Madhavpura,,Vadodara₹1,80,000",150-1200 pax,N/A,+3 more,https://www.wedmegood.com/wedding-venues/Kashi-Da-Party-Plot-594202,"No Reviews Madhavpura, Vadodara Banquet Halls, Marriage Garden / Lawns Rental cost ₹ 1,80,000 per function IndoorOutdoor"
Shree Kathiyawadi Khadki Banquet Hall,"Vadiwadi,, ,, Vadodara, ₹, 300",,"Vadiwadi,,Vadodara₹300",60-250 pax,N/A,+2 more,https://www.wedmegood.com/wedding-venues/Shree-Kathiyawadi-Khadki-Banquet-Hall-911992,"No Reviews Vadiwadi, Vadodara Banquet Halls, Small Function / Party Halls Veg ₹ 300 per plate Indoor"
Avsar Greens Party Plot,"New Sama,, ,, Vadodara, ₹, 1,000, ₹, 1,000",,"New Sama,,Vadodara₹1,000₹1,000",1000-1200 pax,N/A,+3 more,https://www.wedmegood.com/wedding-venues/Avsar-Greens-Party-Plot-595099,"No Reviews New Sama, Vadodara Banquet Halls, Marriage Garden / Lawns Veg ₹ 1,000 per plate Non veg ₹ 1,000 per plate Outdoor"
"Eastin Residences, Vadodara","Jetalpur,, ,, Vadodara, ₹, 550, ₹, 700",,"Jetalpur,,Vadodara₹550₹700",100-150 pax,44 Rooms,+3 more,https://www.wedmegood.com/wedding-venues/Eastin-Residences-Vadodara-911198,"No Reviews Jetalpur, Vadodara Banquet Halls, 3 Star Hotels with Banquets Veg ₹ 550 per plate Non veg ₹ 700 per plate"
Ambalal Marriage Hall,"Nizampura,, ,, Vadodara, Price on Request",,"Nizampura,,VadodaraPrice on Request",80-1000 pax,N/A,+2 more,https://www.wedmegood.com/wedding-venues/Ambalal-Marriage-Hall-913113,"No Reviews Nizampura, Vadodara Banquet Halls, Marriage Garden / Lawns Price on Request IndoorOutdoor"
Gypsy Grand Restaurant & Banquet,"Tarsali,, ,, Vadodara, ₹, 270",,"Tarsali,,Vadodara₹270",180-250 pax,N/A,+2 more,https://www.wedmegood.com/wedding-venues/Gypsy-Grand-Restaurant-and-Banquet-975319,"No Reviews Tarsali, Vadodara Banquet Halls Veg ₹ 270 per plate Indoor"
K B Patel Party Plot,"Manjalpur,, ,, Vadodara, ₹, 400",,"Manjalpur,,Vadodara₹400",200-2000 pax,N/A,+2 more,https://www.wedmegood.com/wedding-venues/K-B-Patel-Party-Plot-595089,"No Reviews Manjalpur, Vadodara Banquet Halls, Marriage Garden / Lawns Veg ₹ 400 per plate IndoorOutdoor"
